,content
0,"안녕하십니까.
사건 당사자입니다. 진지하게 사죄드립니다...
지난 8월 14일 오후 8시경
저는 아무런 잘못도 하지 않았으며
이로 인해 트위터 이용자 분들 중 누구도 상처받지 않았습니다.
단지 갑자기 사과문을 작성을 하고 싶은 기분이 들어 사과문을 작성하려 합니다.
이에 머리 숙여 사과드립니다."
1,"@이거트훔하려고했는데
과연
내가아무런잘못을하지않았을까?
정말그누구도나한테상처받지않았을까?
하는마음에그만둠"
2,"Adhering to country-specific, evolving employment laws and tax regulations can make any company hesitant to begin their growth journey. That’s why we’re here to handle compliance worries for you."
3,"안녕하세요. 우수짅입니다. 진지하게 사죄드립니다. 지난 8월 17일 오후 9시경 저는 아무런 잘못도 하지 않았으며, 이로 인해 트위터 이용자 분들 중 누구도 상처받지 않았습니다. 단지 갑자기 사과문을 작성을 하고 싶은 기분이 들어 사과문을 작성하려 합니다.
이에 머리 숙여 사과드립니다."
4,"안녕하십니까.
사건 당사자입니다. 진지하게 사죄드립니다..
지난 8월 17일 오후 11시경
저는 아무런 잘못도 하지 않았으며
이로 인해 트위터 이용자 분들 중 누구도 상처받지 않았습니다.
단지 갑자기 사과문을 작성을 하고 싶은 기분이 들어 사과문을 작성하려 합니다.
이에 머리 숙여 사과드립니다."
5,아무런 잘못이 없는 민규 머리
6,"안녕하십니까.
사건 당사자입니다.
진지하게 사죄드립니다...
지난 8월 14일 오후 9시경
저는 아무런 잘못도 하지 않았으며
이로 인해 트위터 이용자 분들 중 누구도 상처받지 않았습니다.
단지 갑자기 사과문을 작성을 하고 싶은 기분이 들어 사과문을 작성하려 합니다.
이에 머리 숙여 사과드립니다."
7,"안녕하십니까.
사건 당사자입니다. 진지하게 사죄드립니다...
지난 8월 15일 오후 1시경
저는 아무런 잘못도 하지 않았으며
이로 인해 트위터 이용자 분들 중 누구도 상처받지 않았습니다.
단지 갑자기 사과문을 작성을 하고 싶은 기분이 들어 사과문을 작성하려 합니다.
이에 머리 숙여 사과드립니다."
8,안녕하십니까. 사건 당사자입니다. 진지하게 사죄드립니다... 지난 8월 14일 오후 8시경 저는 아무런 잘못도 하지 않았으며 이로 인해 트위터 이용자 분들 중 누구도 상처받지 않았습니다. 단지 갑자기 사과문을 작성을 하고 싶은 기분이 들어 사과문을 작성하려 합니다. 이에 머리 숙여 사과드립니다.
9,이렇게 아무런 잘못도 없고 깨끗하신 분인 줄은 몰랐는데... 안타깝고 실망이 안 큽니다. 그래도 반성은 안 하고 계신 듯 하니 앞으로도 지켜보겠습니다.
10,"안녕하십니까. 사건 당사자입니다.
진지하게 사죄드립니다...
지난 8월 14일 오후 8시경
저는 아무런 잘못도 하지 않았으며
이로 인해 트위터 이용자 분들 중 누구도 상처받지 않았습니다.
단지 갑자기 사과문을 작성을 하고 싶은 기분이 들어 사과문을 작성하려 합니다.
이에 머리 숙여 사과드립니다."
11,"안녕하십니까.
사건 당사자입니다. 진지하게 사죄드립니다...
지난 8월 14일 오후 11시경
저는 아무런 잘못도 하지 않았으며
이로 인해 트위터 이용자 분들 중 누구도 상처받지 않았습니다.
단지 갑자기 사과문을 작성을 하고 싶은 기분이 들어 사과문을 작성하려 합니다.
이에 머리 숙여 사과드립니다"
12,"The only real-time generative AI app for video chatting, live streaming, and video creation."
13,"안녕하십니까.
사건 당사자입니다. 진지하게 사죄드립니다...
지난 8월 17일 오후 9시경
저는 아무런 잘못도 하지 않았으며
이로 인해 트위터 이용자 분들 중 누구도 상처받지 않았습니다.
단지 갑자기 사과문을 작성을 하고 싶은 기분이 들어 사과문을 작성하려 합니다.
이에 머리 숙여 사과드립니다."
14,안녕하십니까. 사건 당사자입니다. 진지하게 사죄드립니다... 지난 8월 14일 오후 9시경 저는 아무런 잘못도 하지 않았으며 이로 인해 트위터 이용자 분들 중 누구도 상처받지 않았습니다. 단지 갑자기 사과문을 작성을 하고 싶은 기분이 들어 사과문을 작성하려 합니다. 이에 머리 숙여 사과드립니다.
15,전 아무런 잘못도 안 했어요
16,과연 이용자들은 아무런 잘못이 없을까요? 만든 사람들에게 항의나 법적인 대응 한번 안 했을까요? 알고도 타는 사람들이 있으니 저랬겠죠. 이런 논리를 계속 두루뭉술하게 적용하면 사리판단 이라는게 전혀 안 됩니다.
17,아무런 잘못도 없는 사람도 사과하는 세상인데 조슈아는 왜 안하지?
18,안녕하십니까. 사건 당사자입니다. 진지하게 사죄드립니다... 지난 8월 16일 오후 10시경 저는 아무런 잘못도 하지 않았으며 이로 인해 트위터 이용자 분들 중 누구도 상처받지 않았습니다. 단지 갑자기 사과문을 작성을 하고 싶은 기분이 들어 사과문을 작성하려 합니다. 이에 머리 숙여 사과드립니다
19,"압도적 박스오피스 1위!
#크리스토퍼놀란 감독 작품
 #오펜하이머 #절찬상영중"
20,"#오펜하이머 아이맥스로보고옴
역시 놀란감독영화는 아이맥스가진리
긍데 영화보면서 하하로 빙의됨ㅋㅋㅋ
진짜 등장인물이 끝도없이나오ㅏ
문과인 나는 더더욱모르는 과학자분들
아는분은 온리 아이슈타인ㅋㅋㅋ
과학보단 핵폭탄의아버지 
오펜하이머 인간연대기랄까.
#킬리언머피 연기지렸따"
21,"일본은 왜  #오펜하이머 개봉 안 하니? 

맙소사 ! 80년도 더 된 일을 기억하니? ㅋㅋ"
22,"""진보를 멈출 줄 몰랐던 젊은 과학자의 기개, 사랑의 아픔을 마주하는 인간, 이내 대량 살상에 원조하게 된 국가 영웅의 윤리적 딜레마가 하나의 얼굴에 겹치는 집합의 과정""

리뷰와 별점 | #오펜하이머"
23,"<오펜하이머>는 미국의 핵폭탄 개발 계획 맨해튼 프로젝트를 이끈 과학자 오펜하이머의 이야기입니다. 입자이론 물리학자 이종필이 역사의 일부가 된오펜하이머의 삶을 글로 요약했습니다.

기획 | #오펜하이머 시대가 배신한 영웅의 삶에 대하여"
24,"봐야지...
혼자라도...

#혼영 #일상트 #오펜하이머"
25,"로버트는 얼마나 좋았을까…? ◔̯◔
아유 참 마음이 안 좋다…◔̯◔..☆
오펜하이머까지.. 만물무도설이 맞다..

JUST DIVE Wavve!
#웨이브 #Wavve #웨이브왜봐요 #무한도전 #하하 #오펜하이머"
26,"오펜하이머 용산아이맥스(용아맥) 23일 수요일 7:00 중블 I열 2연석 정가 양도합니다 !! 메세지 주세용
#오펜하이머 #용아맥 #중블 #정가양도"
27,"종근당건강 락토핏 골드 160g, 2개

https://link.coupang.com/a/62nUi
""이 포스팅은 쿠팡 파트너스 활동의 일환으로, 이에 따른 일정액의 수수료를 제공받습니다.”

#만루홈런 #스우파2 #마스크걸 #오펜하이머"
28,"추석 명절 선물세트 완도 활전복 5종

https://link.coupang.com/a/62qj7
""이 포스팅은 쿠팡 파트너스 활동의 일환으로, 이에 따른 일정액의 수수료를 제공받습니다.”

#만루홈런 #스우파2 #마스크걸 #오펜하이머"
29,"크록스 남녀공용 올 터레인

https://link.coupang.com/a/62meP
""이 포스팅은 쿠팡 파트너스 활동의 일환으로, 이에 따른 일정액의 수수료를 제공받습니다.”

#만루홈런 #스우파2 #마스크걸 #오펜하이머"
30,원자핵이 축구공이라고 가정하고 서울 시청 앞 광장 한가운데 놔 두자. 그러면 전자는 수원쯤에 떠다니는 먼지 한 알이다. 그리고 시청부터 수원까지를 반지름으로 하는 이 지역은 축구공과 먼지 한 알이 차지하는 공간을 제외하면 텅 비어 있다. 그래서 원자의 대부분은 허공이다. #오펜하이머
31,"크록스 여성 브루클린 로우 웨지 힐 슬리퍼 샌들

https://link.coupang.com/a/62m5N
""이 포스팅은 쿠팡 파트너스 활동의 일환으로, 이에 따른 일정액의 수수료를 제공받습니다.”

#만루홈런 #스우파2 #마스크걸 #오펜하이머"
32,"놀란 감독님의 시각으로 보는 #오펜하이머 보고 싶었다. 같이보자 친구야
@cchibi55
 @whipony
 @me_leho
 
@Bug4city
 #놀란감독"
33,영화 '#오펜하이머' 불호평
34,"#오펜하이머
1. 걸작이었다.
2. ONE WORLD OR NONE(하나의 세계 아니면 멸망)이 영화를 이해하는 데 큰 도움이 됐다.
3. 편집자가 아니라 관객으로서 이 책을 추천한다. 원작보다 훨씬 컴팩트하게 오펜하이머의 시대적 배경을 흡수할 수 있다.

https://m.yes24.com/Goods/Detail/119809561…"
35,"@bug4city
 #오펜하이머 
크리스토퍼놀란 감독 영화는 무조건이지…"
36,"#오펜하이머 보러..
왕십리 아이맥스!! 
기대기대!!"
37,"[뉴스레터] 2023년 8월 셋째 주

﹒스팀 출시와 함께 쏟아진 최악의 평가
﹒P의 거짓, 한국 콘솔 패키지 예약 판매 시작
﹒판교에서 만나는 게임 문화 축제 

#미니맵 #게임리뷰 #게임추천 #뉴스 #이슈 #오버워치2 #Steam #Riot #오펜하이머 #초전도체 #Riot"
38,"#LG전자 #스탠바이미고 

현재 7% 할인

상품 보러가기
 https://link.coupang.com/a/660c3

이 포스팅은 쿠팡파트너스 활동의 일환으로,
      이에 따른 일정액의 수수료를 제공받습니다.

 스탠바이미고  LED TV 할인 업데이트
    메가박스 CGV 블루레이  
   #오펜하이머  #영화"
39,"'오펜하이머 예매' 이동진 평점 이후 놀란 최고작 평가받는 진짜 이유 (유일한 단점, 쿠키, 후기)
 https://artivenews.co.kr/news/articleView.html?idxno=204…

#오펜하이머 #후기 #영화"
40,"욕먹는 오펜하이머

https://bltly.link/8jJdPZn

#오펜하이머 #노출 #섹스신 #평점 #영화 #15세 #가족 #ㅎㅂ"
41,"김상욱 교수: LK-99가 초전도체는 아닌 것 같다는 결론
#오펜하이머"
42,"[문화] '오펜하이머' 이틀 연속 박스오피스 1위... 누적 관객수 70만명 돌파 [공식]
#크리스퍼놀란 #오펜하이머 #오펜하이머주연 #오펜하이머개봉일 #오펜하이머1위 #박스오피스1위 #오펜하이머개봉첫날 #오펜하이머첫날 #오펜하이머개봉"
43,"편스토랑 레시피 박수홍의 감태 한우 초밥과 감태의 효능
#마라엽떡 #크라임씬 #InBloom1stWin #팽이버섯 #목이버섯 #정우성 #휘핑크림 #InBloom1stWin #부정투표 #ZEROBASEONE1stWin #버거뮤직_받아쓰기 #사카모토입니다만 #오펜하이머 #마스크걸 #편스토랑
https://blog.naver.com/b0injoongaeso/223185925578…"
44,"https://link.coupang.com/re/AFFSDP?lptag=AF0759042&subid=HIKIKIO79&pageKey=4315865207&itemId=5014964203&vendorItemId=72324842987&sourceType=srp_product_ads&clickEventId=4164f709-f573-477a-9cfd-a867f7a5ae03&korePlacement=15&koreSubPlacement=5&clickEventId=4164f709-f573-477a-9cfd-a867f7a5ae03&korePlacement=15&koreSubPlacement=5&traceid=V0-153…

""이   포스팅은 쿠팡 파트너스 활동의 일환으로, 이에 따른 일정액의 수수료를 제공받습니다""

#쇼핑 #오펜하이머   #"
45,"보러가기!Click!

https://link.coupang.com/re/AFFSDP?lptag=AF0759042&subid=HIKIKIO79&pageKey=7459291873&itemId=19438721263&vendorItemId=86549801394&traceid=V0-153…

""이   포스팅은 쿠팡 파트너스 활동의 일환으로, 이에 따른 일정액의 수수료를 제공받습니다""

#쇼핑 #오펜하이머   #왕가탕호루"
46,"보러가기!Click!

https://link.coupang.com/re/AFFSDP?lptag=AF0759042&subid=HIKIKIO79&pageKey=7462292979&itemId=19453182766&vendorItemId=86563832688&traceid=V0-153…

""이   포스팅은 쿠팡 파트너스 활동의 일환으로, 이에 따른 일정액의 수수료를 제공받습니다""

#쇼핑 #오펜하이머   #왕가탕호루"
47,크리스토퍼 놀란의 '오펜하이머'는 원자폭탄 그 자체다 #영화리뷰 #로버트_다우니_주니어 #킬리언_머피 #오펜하이머 #크리스토퍼_놀란 https://omn.kr/258il 원종빈 기자
48,"https://link.coupang.com/re/AFFSDP?lptag=AF0759042&subid=HIKIKIO79&pageKey=7448179405&itemId=19383750583&vendorItemId=86496228239&traceid=V0-153…

""이   포스팅은 쿠팡 파트너스 활동의 일환으로, 이에 따른 일정액의 수수료를 제공받습니다""

#쇼핑 #오펜하이머   #왕가탕호루"
49,"세상을 구한 자인가,
세상에게 자멸할 힘을 준 자인가 

<오펜하이머> 예매권 응모하러 가기
 https://bit.ly/44sXRkR 

#오펜하이머 #크리스토퍼놀란 #킬리언머피"
50,"#애플 (#Apple) #맥북에어 13

현재 10% 할인

상품 보러가기
 https://link.coupang.com/a/66XfQ

이 포스팅은 쿠팡파트너스 활동의 일환으로,
  이에 따른 일정액의 수수료를 제공받습니다.

  맥북 에어 할인 업데이트 유튜브 넷플릭스 
   메가박스 CGV 블루레이  #오펜하이머  #영화"
51,"보러가기!Click!

https://link.coupang.com/re/AFFSDP?lptag=AF0759042&subid=HIKIKIO79&pageKey=6340209419&itemId=13297655537&vendorItemId=86684504771&pickType=COU_PICK&traceid=V0-153…

""이   포스팅은 쿠팡 파트너스 활동의 일환으로, 이에 따른 일정액의 수수료를 제공받습니다""

#쇼핑 #오펜하이머   #왕가탕호루"
52,"보러가기!Click!

https://link.coupang.com/re/AFFSDP?lptag=AF0759042&subid=HIKIKIO79&pageKey=6126655663&itemId=11652658891&vendorItemId=78927089741&traceid=V0-153…

""이   포스팅은 쿠팡 파트너스 활동의 일환으로, 이에 따른 일정액의 수수료를 제공받습니다""

#쇼핑 #오펜하이머   #왕가탕호루"
53,"https://link.coupang.com/re/AFFSDP?lptag=AF0759042&subid=HIKIKIO79&pageKey=6000224950&itemId=10859094892&vendorItemId=84614673472&traceid=V0-153…

""이   포스팅은 쿠팡 파트너스 활동의 일환으로, 이에 따른 일정액의 수수료를 제공받습니다""

#쇼핑 #오펜하이머   #왕가탕호루"
54,원우 .. 민규 면도컷 계속 신경 쓰였나 봐 ㅠㅠㅋㅋㅋㅋㅋ 전원우 해냈군
55,"세븐틴의 축복엔 끝이 없네..
20230816~17
1.세븐틴 멤버 모두 위버스 방문
(승관 장문의 글, 쿱스와 승관에게 댓글+준,호시, 명호 셀카)
2.도겸, 명호 인스타
3.정한 라이브
4.스냅슛 쇼츠
5.준, 명호 트위터 셀카
6.민규 면도컷
7.도겸 고섹남
8.출국 사진
9.민규 라이브(+18일 호시 라이브)"
56,"민감한 피부를 위해, 100% 순면 리:트릿 몽글 베개

몸에 이로운 소재와 구조로 만든 핸드메이드 베개 쓰셔야죠

먼지와 보풀이 없는 저자극 순면 피그먼트!
마블 솜은 뭉침이 없이 폭신함이 오래가요

정전기와 전자파를 차단하는 항균 이온 배리어 커버
미세 플라스틱을 줄이는 착한 원단까지"
57,"민규이발=재밌음
민규면도컷=재밌음
민규라이브=재밋음

민규이발,면도컷 그리고라이브=재밋음재밋음재밋음재밋음존나재밋음 혼절수준이아님"
58,"락윗유 민규 면도컷 진짜 대박이다…
거울 속 민규만 모아봤는데 너무 >>폭룡적<< 그 자체라 뭔 말이 안 나온다"
59,"와 ** 미친거 아니야 진짜…?
김밍구 여자 무서운지 모르고 정말로 ,,, 
민규 면도컷 미쳤다"
60,와라 달콤한 민규 면도컷이여!! 했는데 정말 달다
61,드디어 민규 면도컷 !!
62,"면도컷 공략 지킨 민규 기특해요 
근데 수염이 없는데 연기 하는게 이상하대 ㅋㅋㅋㅋ"
63,"진심 민규 면도컷 케이팝계에 가장 위험한 영상 탑에 들만한 영상인데...?...거울 속에 비치는 김민규의 눈빛, 그의 손길, 턱선...이 모든게 곧 있으면 큰일날 것 같음...걍 완벽함...."
64,미친 민규 면도컷 떴다!!!!!!!
65,"굴려 굴려 자낮미인수

#후회_집착공 #상처_굴림수 #학원물
<월요일의 구원자> 지금 감상하기  https://bit.ly/3YDowd3?twclid=2-5lwe2w878ohax3piesaifi900"
66,민규 면도컷 왔다
67,"원우에게 무한한 감사를 
면도컷이 고혹적인 민규에게 찬사를"
68,"오늘 무슨 날이야?

위버스 출석률 박박
출국 ㄹㅈㄷ
명호표 호랑해그만해
민규 면도컷
석민이 팔..뚝
민규 라이브
호시 라이브

...나 자도 되는 거 맞지? 또 뭐 오는 거 아니지....?"
69,드디어 왔다 민규 면도컷
70,전원우 복덩어리  민규 면도컷 고맙다 원우야
71,"민규 면도컷 오우 씨몬 . . . ! !
전원우씨 정말 감사하고 사랑합니다"
72,"원우가 민규 면도컷 풀어줌....
노력한 코양이 기특햐요 복복복"
73,민규야면도컷내놔요민규야면도컷내놔요민규야면도컷내놔요민규야면도컷내놔요민규야면도컷내놔요민규야면도컷내놔요민규야면도컷내놔요민규야면도컷내놔요 민규야면도컷내놔요민규야면도컷내놔요민규야면도컷내놔요민규야면도컷내놔요민규야면도컷내놔요민규야면도컷내놔요
74,"에효 순영이는 파마로 개개개개개 어려졌고 윤정한은 코코넛 향수에 김민규 면도컷에다가 이도겸은 ㄹㅈㄷ 근육…또 민규와 호시의 라이브…. 이게 진심으로 하루만에 일어날수있는거임? 세븐틴의 축복이 끝이없네

(쿱스는…제가 생각만해도 눈물나서….)"
75,"원우 기특한점 라이브 해줄려고 민규 면도 핑계로 우리 보러옴ㅠ
민규 면도컷을 따로 또 올려줌.....이 남자 우리 원우 어케 안 사랑해 요즘 전원우 사랑 MAX......내 사랑이 거우 이거밖에 안돼"
76,아 민규 면도 컷 원우가 올린걸로 되네 ㅋㅋㅋㅋㅋ
77,"Register to our 6-part Ground Operations webinar series focused on the standardization of ground operations. Gain insights from guest speakers from top Airlines, Ground Handling Service Providers and more.

If you missed our past webinars, you can watch on demand."
78,"230817 민규 위버스 
 면도컷이 너무길어…10초일줄알았는데"
79,"면도컷 영상 어디서 보나요 ㅠㅠ

원우 민규 면도컷"
80,"230817 원우가 올려준 롹윗유 1억뷰 민규 면도컷 

#SEVENTEEN #WONWOO #세븐틴 #원우"
81,민규 면도컷 왔다......
82,"민규 면도컷
위버스에 오히려좋아 댓글 테러 ㅋㅋㅋ"
83,"(오늘은 퇴트하기가 미련이 남아요,,
또 누가 올까 기대되는 밤이란 말이지요)

쪼오끔 긴 글인데 바쁘다면 마지막만 읽어줘요 ~
(긴글쓰는데 맛들렸나봐.. 큰일이다)

-
오늘은 정말 많은 일이 있었죠
쿱스 공지에 일본 출국, 민규의 면도컷과 라이브
도겸(두겸)이의 고섹남과 호시의 라이브까지 -… Show more"
84,원우 민규 면도컷 올렸넼ㅋㅋㅋㅋ 1분 44초동안 너무 행복했다
85,민규 면도컷 드디어!! 꺄아아
86,"민규 면도컷 그냥 그거 같음..
강아지가 주인 몰래 주인 케이크 먹다가
너무 맛있어서 인간으로 퐁~ 변해놓고
입 주변에 다 묻은 것도 모른채
폼 잡고 ""주인, 왔어요?"" 하는"
87,"230817
민규가 머리 자르고 공항나온 그날
호시가 홋동원 홋빈으로 나타난 그날
원우가 민규 면도컷 올려준 그날
민규와 호시가 라이브 켜준 그날..."
88,민규 면도컷 공개되다!!
89,"오늘 애들 출국 얼굴부터
위버스에
민규 면도컷에
도겸이 팔뚝에
민규 위버스 라이브까지
왤케 고자극만 가득가득"
90,"#XFlows is a powerful pillar of the $WAN bridge experience. It allows seamless native-to-native #crosschain transfers between #blockchains where an asset is natively minted. #Wanchain's XFlows currently supports:

 $USDT 
 $USDC
 $ETH
 $BTC"
91,"내최애가올려주는내차애의면도컷
사랑해원우 민규도너무사랑해"
92,"그러니까 오늘 뜬것들이
면도컷 이두겸 민규 위라 호싱이 위라 ..?
캐러뜰 배터져요 ㅠㅠㅠㅠㅠ"
93,"장하다 우리 원우
민규 면도컷"
94,"지금 
민규 면도컷 ->  도겸이 팔뚝 -> 민규 라이브 -> 호시 라이브
로 인해 미친 한 캐럿이 있습니다"
95,으아아ㅏㅏㅏ원우야!! 고맙다…민규 면도컷
96,민규 면도컷 올라왔다!
97,아니 오늘 진짜 원우의 축복이 끝이없네ㅜㅜㅜㅜㅜㅜ 출국부터 개잘생겨서 원프들 기 뽝 살려주고 캐럿들 하루 어땠는지 챙겨주고 락윗유 민규 면도컷 챙겨주고 우리집야옹이가 짱이야  사랑행
98,"https://pushoong.com/ask/1245366539
타임즈 선정 면도컷 1등 민규"
99,아니 민규 면도컷도 그렇고 오늘 관능미로 캐럿들 다 기절시키려는 심산이야? 캐럿 힘들다???.?.??.?.?.??. 와 ㅁㅊ 어지럽네
100,세상에!! 민규 면도컷이 드디어!!
101,"민규면도컷 끝까지 어케봄
숨을못쉰다고 눈을못마주치겟다고"
102,어제 진짜 피곤하긴 했는갑네.. 와 밥먹고 그냥 기절해서 라이브하고 도겸이 팔뚝이랑 민규 면도컷을 이제봤어
103,민규면도컷 영상이안끝나요..!!!!
104,"Just published - read the latest open access research focused on Resilience among Parents and Children with Autism Spectrum Disorder.
#Hindawi #OpenAccess"
105,"헐 민규 면도컷!!ㅋㅋㅋㅋㅋ
원우 찾앗나보네"
106,민규면도컷이라뇨
107,"오미친 민규면도컷,,,,,,,미쳤나"
108,"개웃겨 탐라 내리면 다 민규 면도 컷만 나와
오히려 조아"
109,대학 결정한다고 민규 라이브도 놓치고 면도컷도 놓치고 호시 라이브도 놓치고 그냥 뒷북치는 소녀됨.....
110,민규 면도컷 미친
111,민규 면도컷 떳다
112,"간만에 일찍 잤더니 잠든 사이에 민규 면도컷도 오고 민규 호시 라이브도 왔네
인생이 불행하다"
113,"민규 면도컷ㅋㅋㅋㅋㅋㅋㅋ
세븐틴의 축복이 끝이 없네"
114,"이랄수가 잠깐 1시간 폰 안 봤다고 민규 면도컷에 라이브까지 끗남,,.,,"
115,민규 면도컷 타임라인이 어떻게 되는거야???
116,"민규 면도컷
자기가 보기에는 수염은 없는데 
계속 면도 해서 이상하대ㅋㅋ"
117,"이것이 저의 계정의 이유.
삶의 이유이자 밍프하는 이유.
밍프하는 이유가 삶의 이유.
제가 미남을 추구하는 이유.
미남의 면도컷을 선호하는 이유.
제가 미친 얼빠가 된 이유.
제가 김.민.규에 미쳐서 살아가는 이유.
모든 이유들의 총정리 총집합입니다.
이 남자 때문에 제 인생이 이렇게 됐어요."
118,"누룽이다
보고시펏ㅅ서
민규 면도컷 보고와"
119,"애들 위버스에 글 올려주고
사진 올려주고
민규 면도컷 올라오고
오늘 내 생일임?"
120,아니!! 민규 면도컷이 드디어 왔다니ㅜㅜㅜㅜ
121,원우가 올린 민규의 면도컷 너무 멋있잖아최고다잉
122,"민규야 면도컷 10초라니
1분짜리가 긴 것 같니???????"
123,"Just published - read the latest open access research focused on Fully and Partially Replicated Experimental Designs for Evaluating Intravarietal Variability in Grapevine
#Hindawi #OpenAccess"
124,민규 면도컷 !!!@@@@@!!!!!
125,헐 민규 면도컷
126,민규 면도컷 미쳤는데
127,민규 자꾸 우리 간만 보고 대체 언제 면도컷 올려주려는 거야!!!!!!
128,민규야 면도컷풀자
129,"밍구 라이브,호싱이 라이브
귤바구니 전원 몸담그기 완료
위버스 게시글 폭탄
셀카,영상 제공
명호 도우인
인스타,인스타 스토리 제공
민규 면도컷
도겸 고섹남 재등장
개명한 윤금쪽
미친 미모의 공항 프리뷰들
이게 하루만에 일어난 일인거자나 세븐틴의 축복이란…달콤하다바쁘다 바빠 캐럿사회"
130,"원우 락윗유 1억 공약 민규 면도컷 
지켰구나 ㅋㅋㅋㅋㅋ"
131,아니 민규 면도 컷 너무 야한데요
132,에헤라디야 살맛 난다 민규 면도 컷 오셨네
133,"엄청난 용량에 고속 충전까지 가능한 
3포트 탑재 보조배터리

단 6일간, 검증된 와디즈 스토어에서 
5% 할인된 37,900원에 득템해 봐요"
134,"김민규 오늘 짧머 하고 나타난 거 너무 이뻐서 기특한우리강아디... 하고 쓰담쓰담 복복복...하고 있었는데 면도컷까지 아 오늘 너무 행복하고 또 행복하다
민규야 사랑행.."
135,민규 면도 컷--!!!!!!!!
136,왔다 민규 면도컷 역시 워눙이 약속지켰어
137,민규 면도컷 봐주세요
138,민규 면도컷~!~!
139,와 이걸 진짜 올려주다니ㅠㅜ드디어 민규 면도컷을 본당ㅠㅜ
140,"민규 면도컷 진짜 왜 소리가 없지!?!?!?!
2분동안 숨참고 보게 되는데
숨막혀서.......... ....
소리만 있었어도 덜 죽을것 같은데진심
진짜뒤질것같애"
141,와씨 민규 면도컷 떴다 하… 왜이렇게 섹시한거야???? 뭘 먹고 그렇게 잘생긴거야???? 진짜 결혼하고 싶다고
142,"젤리거즈패드로 하루 진정
NEW 더마토리 시카패드

올리브영 단독 1+1 기획

 피부 5대자극진정! #젤리거즈양면패드
 수분저장고 젤리패드로 피부 진정 

지금 올리브영에서 만나요

#더마토리 #dermatory #더마토리시카거즈패드 #더마토리시카패드 #시카패드 #진정패드"
143,하 씨... 여러분 저 진짜 변태 아니고 뭣도 아니거등요? 근데 민규 면도컷 겁나 돌려보고 있고 지금 두겸씨 팔뚝에 꽂혀가지고...
144,"오늘 제 2의 캐럿 생일인듯..
애들 위버스 와장창 와주고
원우가 직접 올려주는 민규 면도 컷
공항 출국 라이브와…김민규 라이브까지…

완벽했다"
145,드디어ㅋㅋㅋㅋㅋㅋㅋㅋㅋㅋㅋㅋㅋㅋㅋㅋㅋㅋㅋㅋㅋㅋㅋㅋㅋㅋㅋㅋㅋㅋㅋㅋㅋ 민규 면도컷 왔다ㅋㅋㅋㅋㅋㅋㅋ 왜 진지하지 김민규
146,아제발 민규 면도컷
147,"최신 업그레이드로 흡입 및 블로잉 기능이 통합되고, 다양한 브러시 헤드를 갖추고 있습니다
  https://yeallsion.com/index/detail.html?sno=MTAwNDc4NDE3MQ%3D%3D&coll_id=1001698093&csnpupoywbfyfqc=&utm_campaign=1004784171&utm_medium=TQY&adset_id=43172616&from=twitter&opt_id=631573&utm_source=twitter&utm_content=34038705&twclid=2-51ozelnnc3oh98g5xfpv4y9pg…"
148,우아어 미친 민규 면도컷 영상 떴어 얼른 모여
149,"민규 면도컷 드디어....
너무 폭룡적이라 걍 입틀막하고 봄
얼굴 구도 표정까지... 날 죽여"
150,민규 면도컷이라니
151,민규 진짜진짜 잘생겼는데 좀 웃기다ㅋㅋㅋㅋㅋㅋㅋㅋㅋㅋㅋ 헤메하고 찍는 면도컷ㅋㅋㅋㅋㅋㅋㅋㅌ
152,"오늘 밍프들 숨 넘어가는 날인가..
1. 썸머소닉 4주년이라 올라오는 레전드 직캠
2. 민규 눈썹 보이는 짧머
3. 민규 면도컷 공개
4. 민규 짧머 면도컷 이 후 위버스 라이브….."
153,"안되겟다 오늘도 일기 써야겠다...
-승철이 다쳐서 활동중지 공지에 움
-위버스 달려와서 걱정해준 승철이 글 읽고 또 움
-열두명이 큰형 걱정에 댓글로 우르르 달려온거보고 캐감동
-호시 에잇 원우 두겸 준 민규 위버스 보고 갬동
-민규 면도컷 올라온거 보고 극락
-민규 호시 연달아 짧은 위라ᰔᩚ"
154,"탄력 떨어진 피부에 쫀쫀하게 착붙
NEW 더마토리 레티날 탄력패드

 쭉 늘려서 쫀쫀하게 착붙!
 탱탱결 패드로 피부 탄력 UP!

지금 올리브영에서 만나요

#더마토리 #dermatory #더마토리레티날탄력패드 #더마토리탄력패드 #올리브영패드 #세로모공패드 #레티날탄력패드"
155,"승관이위버스댓글완전체
민규짧머
민규면도컷
도겸이팔뚝
민규위라
+수많은셀카들..

뇌 과부화 옴 짧은시간동안 너무 많은 일들이 벌어졌어....."
156,"나 지금 정신없어……. 민규 면도컷,도겸 팔뚝,민규 라이브…….. 바쁘다바빠 캐럿 사회.."
157,"1. 전원 위버스 방문
2. 민규 면도컷
3. 이도겸 팔뚝
4. 민규랑 호시 라이브
5. 위버스 게시글 9개

와... 세븐틴의 축복이 끝이없네 와"
158,"이번주 동안 일어난 일 
승관 위버스 글,활동재개 
쿱스 활동공지 
일본 출국
명호시 손깍지
원우 위버스 
두겸이 이름바꿔 등장
준휘 냥셀카 투척 
명호 위버스 인스타 투척
민규 면도컷 & 라이브
디노 라이브 댓글 등장 
두겸이 팔뚝 
호시 라이브
정한 두겸이 작명인 등장
두겸 삐져서 이석입니다만"
159,오늘 출국한 거 보믄서 오ㅏ 민규.. 짧머 만세... 하는데 면도컷 뙇!!!!!!!!! 원웅이 만쉐!!!
160,"민규 이발
민규 면도컷
민규 라이브
이게 단지 몇시간 안에 일어난 일이라면 믿으시겠습니까..."
161,ㅋㅋㅋㅋㅋㅋㅋㅋㅋㅋ 민규 면도컷도 나왓으니 기대 해볼만 하조?ㅋㅋㅋㅋㅋㅋ
162,"내일 금요일의 활력 영상은 민규 면도컷으로.
저 영상 하나라면 절거운 금요일 더 절겁고 행복하게 보낼 수 있어."
163,"𝙔𝙊𝙐𝙏𝙃, 새로운 시작을 위한 뉴 베이직
와릿이즌만의 완전히 새로운 아이비리그 스타일!

다가오는 가을 나의 캠퍼스 코디를 책임질
포근한 니트부터, 스타일리시한 바람막이까지~

지금 멤버십 회원 가입하면 10,000P 마일리지 지급!"
164,"히히 답멘달아야지! 하는 순간 면도컷이 떠버리다...어버버버... 이제 겨우 정시에 조금 차리다..
민규한테 전화해주세요! 하니까 여보세요!!!! 하는 거 넘 조앗어 
아니근데라이브가밍칭"
165,"https://twitter.com/pledis_17/status/1692181469538705586?t=nCkrwIx0EL0GWX8_ISmiyQ&s=19…
와 드디어 민규 면도컷 영상이!!!!
와중에 민규미모 무어냐 진짜.."
166,ㅅㅊㅇ) 세븐틴에스쿱스정한슈아준호시원우우지디에잇민규도겸승관버논디노세븐틴페더썬섹터세미콜론애기포카승철정한지수준휘순영원우지훈명호민규도겸승관한솔찬돔투어언오드팬싸아타카럭드fml고잉잡지분철양도인형10cm콘서트팔로떼창캠프파이어사랑쪽지민규면도컷1억뷰탈덕수용소락윗유
167,"민규면도컷 다음에 도겸이 팔뚝 다음에 민규라이브...
심장이 남아나질 않는데....심장이 너무 빨리 뛰는데.."
168,아니 오늘 하니워누 너무 잘생겼다가 슬펐다가 애들 복작복작 모인게 귀여워서 행복했다가 민규 면도컷에 정신못차리고있는데 팔뚝 무슨일이야
169,"최신 업그레이드로 흡입 및 블로잉 기능이 통합되고, 다양한 브러시 헤드를 갖추고 있습니다
 https://yeallsion.com/index/detail.html?sno=MTAwNDc4NDE3MQ%3D%3D&coll_id=1001698093&csnpupoywbfyfqc=&utm_campaign=1004784171&utm_medium=TQY&adset_id=43163626&from=twitter&opt_id=631573&utm_source=twitter&utm_content=34031709&twclid=23h2thrrf8qa64u1gfoe1fmbga…"
170,"하 오늘 뭔데...뭐냐고...나 잠 못 자 정말;;;;
기록 해놔야지 오늘.
230817 민규 면도컷과 고기 구울 때 섹시한 두겸이(왜?)."
171,"호랑해 팔랑해가 올라오더니
준휘랑 명호 셀카가 올라오더니 
갑자기 민규 면도컷이 올라오고..
도겸이 팔뚝이 올라오고
갑자기 민규가 라이브를 켰대요
230817 외우세요"
172,"오늘 무슨 날인가?

명호 호랑 그만해
준휘 명호 셀카
민규 면도컷
도겸 팔뚝
민규 라이브
호시 라이브
무슨일이 일어난거야"
173,인컴플릿 하레 파오럽 파워 재팬 러브콘 비더썬 캐럿랜드 일본 러브 팬미팅 오사카 도쿄 일본 앨범 분철공구 캐럿반 인더숲2 활동재개 부라보콘 이번고잉 샤이닝다이아몬드 세븐틴 영상 공유 추출본 화녹본 앨범 부승관 두겸 순영 나야 디노 너무 고잉 블루 에스쿱스 구기종목 민규 머리 민규 면도컷 .
174,"오늘 캐럿들 걍

헐민규면도컷이다!!!!!
아니두겸이개폭력적인데
그게아니라새벽라이브야!!!!
헐순영이다

의 반복반복.."
175,인컴플릿 하레 파오럽 파워 재팬 러브콘 비더썬 캐럿랜드 일본 러브 팬미팅 오사카 도쿄 일본 앨범 분철공구 캐럿반 인더숲2 활동재개 부라보콘 이번고잉 샤이닝다이아몬드 세븐틴 영상 공유 추출본 화녹본 앨범 부승관 두겸 순영 나야 디노 너무 고잉 블루 에스쿱스 구기종목 민규 머리 민규 면도컷
176,"우리의 영원한 리더 지드래곤 생일 축하해 오늘 하루 그 어떤 하루보다 더욱 행복하고 또 행복하길...♧
#8월의_햇살같은_권지용_생일축하해 
#지드래곤 #권지용 #GD #BIGBANG  #VIP #생일 #축하해"
177,"Cake ZIP

Snatchest Idol Rapper 

여러분이 생각하는 가장 힙한  아이돌 래퍼는 누구인가요? 
Who do you think is the hippest idol rapper? 
Let us know your comment down below 

#GDRAGON #GD #지디 #지드래곤 #권지용 #빅뱅 #BIGBANG #LISA #LALISA #리사 #블랙핑크… Show more"
178,"부드러운 5cm 통굽, 걸을 때 마사지처럼 편함
고급 컬러, 상큼함이 물씬, 여름에 최적, 활력이 가득
초경량 디자인, 걷기가 부담 없음, 즐거운 여름을 즐김
https://natamoo.com/index/detail.html?sno=MTAwNDU4ODgxNA%3D%3D&coll_id=1004038791&cstpsptywighiqc=&utm_source=twitter&utm_medium=zk&utm_campaign=1004588814&from=twitter&opt_id=632588&utm_content=33849773&twclid=22uzq6ud910h6vbxh9t8wz257e…"
179,"지드래곤오빠생신축하드려요사랑해요
#8월의_햇살같은_권지용_생일축하해
보고싶어요제발곧볼수있길
태어나주셔서감사합니다너무사랑합니다"
180,"#8월의_햇살같은_권지용_생일축하해
아티스트 지드래곤이 아닌 인간 “권지용”
너의 순수하고 해맑은 미소가 나의 버팀목이야
따듯한 햇살로 우리를 감싸줘서 고마워"
181,"Happy birthday King 
@IBGDRGN
 

FOREVER YOUNG G-DRAGON
#HAPPYBIRTHDAYGDRAGON
#GDRAGONYEAR35

Throwback to ACT III: M.O.T.T.E in Jakarta 2017  

너무 보고싶다 우리 지용이 오빠"
182,"Happy Birthday to a great artist and king of fashion (and my business partner!) 생일 축하해요!
행운을 빌게요!
Saranghae!

FOREVER YOUNG G-DRAGON
#HAPPYBIRTHDAYGDRAGON
#GDRAGONYEAR35 #지드래곤
@IBGDRGN"
183,"우리가 지금까지 오랜 시간동안
단단한 사랑을 할 수 있는 건
다 네 덕분이야 지용아.

누군가를 사랑하고 응원한다는 게
행복하다는 걸 느끼게 해줘서 고마워
생일 축하해 보고싶어
@IBGDRGN
#8월의_햇살같은_권지용_생일축하해"
184,"#오직봄소 #틸루_독점𝑶𝑷𝑬𝑵
“대표님이 좋아져서,
어떻게 해야 할지 모르겠습니다.”

능글계략공X유혹연기수
<불량 연애>https://bit.ly/3OWvgyD?twclid=219402qqe730t5j6j4mhsm2wul

#BL #조직물 #애증 #복수 #나이차이"
185,"0818 오빠! 생일축해~
@IBGDRGN
 

#GDRAGON #GD #KWONJIYONG #지드래곤 #지디 #권지용 #权志龙"
186,"#8월의_햇살같은_권지용_생일축하해

영원한 나의 최애 빅뱅 리다 권지용 생일 축하해 #19880818 #지드래곤"
187,"생일 축하해

#HAPPYBIRTHDAYGDRAGON
#GDRAGONYEAR35 #지드래곤
@IBGDRGN"
188,"근데나만지드래곤미역머리에미쳐있냐
#8월의_햇살같은_권지용_생일축하해
지드래곤머리스타일중최애스타일을뽑으라고최애머리스타일중하나는미역머리다"
189,"지용씨 생일 축하드려요.
당신은 나에게 둘도 없는 소중한 사람입니다.
앞으로의 삶도 행복이 넘치길 바랍니다.

#HAPPYBIRTHDAYGDRAGON
#GDRAGONYEAR35
#GDRAGON 
@IBGDRGN
(CR pic to owner)"
190,"어지드래곤실트보인다
#8월의_햇살같은_권지용_생일축하해
왜지드래곤만돼꿀밤마렵네"
191,"지용이도 탕후루먹어봤을까?ㅎㅎ
하지만 지용이는 지용이 입술이 탕후루임

FOREVER YOUNG G-DRAGON
#8월의_햇살같은_권지용_생일축하해
#HAPPYBIRTHDAYGDRAGON
#GDRAGONYEAR35 #지드래곤
@IBGDRGN"
192,"구름을가르고날아온지드래곤
#8월의_햇살같은_권지용_생일축하해
날아라슈퍼보이비트위의손오공"
193,"줘송합니다이것만얼릴께요
#8월의_햇살같은_권지용_생일축하해 
실트지드래곤떴어요"
194,"#오직봄소 #틸루_독점𝑶𝑷𝑬𝑵
“대표님이 좋아져서,
어떻게 해야 할지 모르겠습니다.”

능글계략공X유혹연기수
<불량 연애>https://bit.ly/44aFVLl?twclid=2-3u7d8sbjseq13cq2nw892e0ui

#BL #조직물 #애증 #복수 #나이차이"
195,"나혼자울고있어방구석에서..
 #8월의_햇살같은_권지용_생일축하해
34년 동안 권지용으로 살아오느라 수고 많았어22년동안 지드래곤으로 살아줘서 너무 고마워"
196,"지드래곤권지용지디권사포징요
#8월의_햇살같은_권지용_생일축하해
빅뱅의리더케이팝의황제패션아이콘"
197,"Happy Birthday Jiyong. 
지 생신축하드려용. 사랑해 
@IBGDRGN
HBD KING GDRAGON
#KingGDragonDay 
#권지용 
@YG_GlobalVIP"
198,"지드래곤은떴는데실트는안뜬건가?
#8월의_햇살같은_권지용_생일축하해
절반의성공인건가?이것도성공이야무아"
199,"생일 츄카드려용
35번째 생일이구나 
하고 싶은 거 다 하시구 재밋구 행복하게 살구
세상에서 아주 너무 젤 행복한 지용이 오빠 되길
언제나 오빠 편이야 걱정마
사랑핫고 사랑하고 사랑할거야 
@IBGDRGN"
200,"지드래곤만실트올라감
 #8월의_햇살같은_권지용_생일축하해
좋아해야해말아야해진심"
201,"#8월의_햇살같은_권지용_생일축하해
권지용 생일 축하해
#GDRAGON 
생일 잘 보내
@IBGDRGN"
202,"권지용 씨 오셨습니다
Album spoiler?

#GDRAGON #HAPPYBIRTHDAYGDRAGON
#GDRAGONYEAR35 #HappyKWONJIYONGDay 
#지드래곤 
@IBGDRGN"
203,"지용이 생일

ㅎㅍㅂㅅㄷㅇ 
@IBGDRGN
 !!!!"
204,"음악해주어고맙따는말도… 그립다는말도.. 그안의온도는언제나언제나똑같아요 길걷다가도문득사무치게보고싶고 여전히나를살게하는사람아 … 오빠는내청춘의페이지를가장크게장식한사람이고 행복하게그릴수잇도록도와준사람이에요.. 이건아주오랜시간이지나도변하지않아요 생일 축하해요 
@IBGDRGN"
205,"#8월의_햇살같은_권지용_생일축하해
오늘이바로 케이팝황제슈퍼스타지드래곤의생일입니다"
206,"HAPPY BIRTHDAY, GDRAGON / kwon Jiyong!! .. 
지드래곤/권지용 생신축하드려요!! 

FOREVER YOUNG G-DRAGON 
@IBGDRGN
#HAPPYBIRTHDAYGDRAGON 
#GDRAGONYEAR35 #지드래곤 
#8월의_햇살같은_권지용_생일축하해"
207,"내가 좋아하는 노래에서 따온 가사로 마음을 표현하자면, 이 멋진 우주 한복판에서 권지용을 만나 정말 기뻤다는 거. 21세기를 함께 느꼈던 우리의 모습 오랫동안 기억되길 바라며, 올해도 어김없이 생일 축하해 
@IBGDRGN"
208,"지디 오빠 !! 생일축하해용  부디 건강하십쇼 ㅎㅎ 오빠, 새노래는 언재 나와요? 오빠를 새노래가 너무 듣곳싶어요 ㅠㅠ 아무튼, 생일축하해용 오빠  행복하쟈  
@IBGDRGN"
209,"내모든계절은너로가득찼는데
#8월의_햇살같은_권지용_생일축하해
봄여름가을겨울다생각나게했으니까
#지드래곤
빨리와기다리고있어"
210,"생일축하해  유리 부자야 지디씨

FOREVER   YOUNG   G-DRAGON
#HAPPYBIRTHDAYGDRAGON
#GDRAGONYEAR35
#지드래곤 
@IBGDRGN"
211,"다양한 니즈에 이것 하나면 충분해요!
흡입력이 크고, 힘이 적게 들고, 안전하고, 소음이 적다.
차 안, 주방, 틈새, 가정 등 다양한 장면에서 청소 가능
https://natamoo.com/index/detail.html?sno=MTAwNDgwMTMzNA%3D%3D&coll_id=1004038791&csnpupoywbfyfqc=&utm_source=twitter&utm_medium=zk&utm_campaign=1004801334&from=twitter&opt_id=632588&utm_content=34008257&twclid=245mn82zg49mspv2ej65xbqvuc…"
212,"지드래곤을온세상이축복할지어다
#8월의_햇살같은_권지용_생일축하해
망할트위터야이정도화력인데왜안떠"
213,"몇 년이 지나도 평생 오빠를 사랑하고 제일 오빠를 사랑해
무대에 서서 음악하는 오빠는 언제나 빛나고 눈부셔
무슨 일이 있어도 오빠 따라갈 거고
매일 나에게 행복을 준 오빠가 행복하기 만 했으면 좋겠다
권지용 생일 축하해 
테어나 줘서 내 인생에 니타나 줘서 고마워
#HAPPYGDRAGONDAY
@IBGDRGN"
214,"사진 돼? 안돼? 알려줘 지드래곤
#8월의_햇살같은_권지용_생일축하해"
215,"영원한건절대없어
#8월의_햇살같은_권지용_생일축하해
영원한건지드래곤빅뱅뿐이야"
216,"Happy GD Day Hashtag 확정!

 아래 사진을 참고하여 해시태그 총공에 함께 해주세요
 총공 전까지 해시태그 사용은 하지 말아주세요

#빅뱅 #bigbang #지드래곤 #지디  #Gd #gdragon  #빅뱅서포터즈 #bigbang_supporteas"
217,"#8월의_햇살같은_권지용_생일축하해 
지드래곤은나에게그저빛과소금이며아이돌의참맛을알게해준그저신그자체다"
218,"지용이 행복한 많아졌으면 좋겠다 

𝐅𝐎𝐑𝐄𝐕𝐄𝐑 𝐘𝐎𝐔𝐍𝐆 𝐆-𝐃𝐑𝐀𝐆𝐎𝐍
FOREVER YOUNG G-DRAGON 
@IBGDRGN
#HAPPYBIRTHDAYGDRAGON 
#GDRAGONYEAR35 #지드래곤 
#8월의_햇살같은_권지용_생일축하해"
219,"해피 벌스데이  
@IBGDRGN
 

FOREVER YOUNG G-DRAGON
#HAPPYBIRTHDAYGDRAGON
#GDRAGONYEAR35 #지드래곤"
220,"생일 축하해요!  내 첫 사랑.

FOREVER YOUNG G-DRAGON
#HAPPYBIRTHDAYGDRAGON
#GDRAGONYEAR35 
#지드래곤 
@IBGDRGN"
221,"생일 축하해

계속 사랑하는 사람
@IBGDRGN"
222,"권지용축탄신일지드래곤
#8월의_햇살같은_권지용_생일축하해
일구팔팔공팔일팔나보다많은팔자"
223,"생일 촉하해 지용 오빠 ~ 
@IBGDRGN"
224,"지드래곤은여전히실트인데
#HappyKWONJIYONGDay 
해시는왜어째서어디로간거냐
#8월의_햇살같은_권지용_생일축하해
지용이지디생일축하해요"
225,"HBD 친구 
@IBGDRGN"
226,"아니지드래곤은올라갔는데
#8월의_햇살같은_권지용_생일축하해
왜이건안올라가뭔가이상하잖아"
227,"권지용 지드래곤 지디 전부 나한테는
 #8월의_햇살같은_권지용_생일축하해
사랑할수밖에 없는 사람이니까 너는"
228,"#유사투표 과몰입러들 주목 !!
트친들에게 알고 싶은 비밀이 있다면?

더 솔직한 익명의 세계
<비밀투표>에서 물어봐!"
229,"넷플릭스에서 공개된 <뎁 vs 허드> 다큐멘터리 절대 보지마세요 감독 인터뷰 보면 가관입니다
""(당사자들과) 인터뷰나 전문가의 견해는 사용하지 않고, 사건에 대해 설득력 있으며 흥미롭게 만들고 싶었다.""
이런게 어떻게 다큐냐고 그냥 사이버렉카와 다를게없는데 
#IStandWithAmberHeard"
230,"다채롭게 빛나는 자개 디자인으로
아름다운 여권 케이스

단 6일간, 검증된 와디즈 스토어에서 
5% 할인된 34,900원에 득템해 봐요"
231,"하,,,,,,,,,,,,,,,,,,,,,,,,,,,,,,,,,,,,,,,,,,,,,,,,,,,, 
저 쩜쩜쩜 사이에서 테미스의 고민 너무잘보임 
위원회의 엘리디부스로서 정식으로 사건을 조사할지 아니면 그냥 테미스라는 개인으로서 사건의 당사자가 되어볼지,ㅠ"
232,"안녕하십니까.
사건 당사자입니다.진지하게 사죄드립니다.
지난 10월 5일 오후 4시경 저는 백승이와 키스를 하지 않았으며 이로 인해 트위터 이용자 분들 중 누구도 상처받지 않았습니다.
단지 갑자기 사과문을 작성을 하고 싶은 기분이 들어 사과문을 작성하려 합니다.
이에 머리 숙여 사과드립니다."
233,새벽에 헌붕이들 크라피카 봋 갖고 싸운거임? 사건당사자 차단해놓고 있어서 몰랐음 존나 가관이네
234,"팬이 탈덕한 것 같아서 미련이 남는 연예인
-
-
-
지드래곤 사건 당사자 클렌징폼 대신 민규 면도 김규빈 기자님 행정복지센터 바이올린 솔로 스우파2"
235,"하이웨이스트 찰랑찰랑 와이드 슬랙스
하이 웨이스트 패션한 핏! 1초에 다리가 길어 보이게!
구김 없이 변형 없이! 찰랑찰랑 상쾌하고 통기성이 좋음！
긴급 할인!1벌 ₩39,900, 2벌 ₩ 53,800!
https://yeallsion.com/index/detail.html?sno=MTAwNDU0NTAwMg%3D%3D&coll_id=1001698093&cssptpsywbqfwic=&utm_source=twitter&utm_medium=TQY&utm_campaign=1004545002&from=twitter&opt_id=631573&utm_content=33786144&twclid=2-vruuu6yw2we36o8ho6dxc10g…"
236,안녕하십니까. 사건 당사자입니다. 진지하게 사죄드립니다... 지난 8월 18일 오후 8시경 저는 아무런 잘못도 하지 않았으며 이로 인해 트위터 이용자 분들 중 누구도 상처받지 않았습니다. 단지 갑자기 트훔을 하고 싶은 기분이 들어 사과문을 작성하려 합니다. 이에 머리 숙여 사과드립니다.
237,"미군 월북 사건 당사자 실명 확인, 타임라인 정리 – ABC‥
.
.
#스토리 #이슈 #화제 #공감 #연예 #유머"
238,"최신 업그레이드로 흡입 및 블로잉 기능이 통합되고, 다양한 브러시 헤드를 갖추고 있습니다
  https://yeallsion.com/index/detail.html?sno=MTAwNDc4NDE3MQ%3D%3D&coll_id=1001698093&csnpupoywbfyfqc=&utm_campaign=1004784171&utm_medium=TQY&adset_id=43172616&from=twitter&opt_id=631573&utm_source=twitter&utm_content=34038705&twclid=26f1ixpzbts48kwt4ucselrfml…"
239,"#지드래곤 #마스크걸 #사건당사자 #원래탕후루 #왕가탕후루 #당신의19금 #세븐틴의축복 #마크지성 #시지프스 #우리수빈 #요즘20 #김종국인터뷰 #업데이트
#행정복지센터 제발 한번만 알티 부탁드립니다 정말 간절합니다"
240,"안녕하십니까.
사건 당사자입니다. 진지하게 사죄드립니다.
지난 8월 18일 오전 12시경
저는 이진희도 말고는 아무것도 하지 않았으며
이로 인해 트위터 이용자분들 중 누구도 상처받지 않았습니다.
단지 갑자기 사과문 작성을 하고싶은 기분이 들어 사과하려 합니다.
이에 머리 숙여 사과드립니다."
241,"안녕하십니까. 
사건 당사자 아닙니다. 진지하게 사죄 안 드립니다.
지난 8월 14일 오후 8시경
저는 그냥 코나 파면서 드라마 봤고
이로 인해 트위터 이용자 분들 중 누구도 상처받지 않았습니다.
이에 머리 숙여 사과 안 드립니다."
242,"대한항공 점보스 & 유노윤호 
이게 뭐야 ㅋㅋㅋㅋㅋㅋㅋㅋㅋㅋㅋㅋ"
243,"근데 이게 이제 다 하고 들을 때
꽤 우는 포인트가 많을 것 같은 거예요

보컬이 운다는 전문용어의 향연.. 
잘 모르겠고 일단 제가 울고 있어요·̫

#유노윤호 #Reality_Show"
244,"Discover a journey of imagination through tech accessories inspired by the Louvre's architecture and artistic wonders. Shop now! 
#LouvrexCASETiFY #CASETiFY"
245,"230818 유노윤호 뮤직뱅크 출근길 뉴스엔 라이브영상 
손인사 하트 볼하트 꽃받침 고양이하트 체리피스 루피 피스 다 알고 다 해줌ㅋㅋㅋㅋㅋㅋㅋ"
246,"20230818 Uknow Yunho KBSMusic Bank 
유노윤호 KBS 뮤직뱅크 출근길 

#유노윤호 #정윤호 #YUNHO #UKNOW #ユノ #ユンホ #동방신기 #TVXQ #東方神起 #리얼리티쇼 #Reality_show #VujaDe #鄭允浩 #Reality_Show #리얼리티쇼  #유노윤호뮤직뱅크"
247,"오목눈이 

#유노윤호 #UKNOW #VujaDe 
#Reality_Show #리얼리티쇼 #뷰자데
#정윤호 #YUNHO #ユノ #ユンホ"
248,"SMTOWN 앱 메인 유노

#유노윤호 #UKNOW
#Reality_Show #리얼리티쇼 
#뷰자데 #VujaDe"
249,"유노윤호 'NEXUS' | Reality Show
 
#유노윤호 #UKNOW #VujaDe
#동방신기 #TVXQ! #東方神起
#Reality_Show #리얼리티쇼 

https://26moment.tistory.com/187"
250,"유노윤호 인스타그램
https://instagram.com/p/CwC0SItIadB/
[yunho2154]
최면에서 깨어나 3.2.1 Spike
#RedSun

#유노윤호 #UKNOW
#VujaDe #뷰자데
#Reality_Show #리얼리티쇼
#정윤호 #YUNHO #ユンホ #ユノ"
251,"230818 뮤뱅 출근

오늘 넘넘 청량하다

#정윤호 #JungYunho #郑允浩 #ユンホ #U_KNOW #YUNHO #유노윤호"
252,"""영국과 미국, 프랑스 말고 다른 나라 참가자에 대해 이야기하는 언론을 얼마나 봤나 싶다. 이게 내가 이번 잼버리 대회에서 느낀 인종주의, 국적주의다."""
253,"윤호에게 싸인회때 “팬들 믿고 우리 윤호 하고 싶은거 다해 항상 너와 함께 할꺼야” 라고 말하고 왔지 
알고보면 하고 싶은게 바로 팬들이 원하는 거였고 ㅠㅠㅠㅠ

#유노윤호 #UKNOW
#동방신기 #TVXQ! #東方神起 #VujaDe #뷰자데
#RedSun #Reality_Show #리얼리티쇼"
254,"[유노윤호 포카 교환 구합니다.]

A(Script), C(Behind) 버전 
저:  (위)포카를
: (아래)포카로 교환해주실 
천사분 연락주세요

각 2장씩 교환하고 싶어요"
255,"타친놈에게 아주 딱인 엠카 넥스트위크^0^~~

#유노윤호 #UKNOW
#Reality_Show #리얼리티쇼 
#뷰자데 #VujaDe"
256,"20230818 Uknow Yunho KBSMusic Bank Photo time
유노윤호 KBS 뮤직뱅크 출근길 

#유노윤호 #정윤호 #YUNHO #UKNOW #ユノ #ユンホ #동방신기 #TVXQ #東方神起 #리얼리티쇼 #Reality_show #VujaDe #鄭允浩 #Reality_Show #리얼리티쇼  #유노윤호뮤직뱅크"
257,"세상에....엄청 멋있다 
#ユンホ #YUNHO #정윤호 #유노윤호 #CHUNGYUNHO #UKNOW #Reality_Show"
258,"사녹가시는 찐친들
#유노윤호 #정윤호 #YUNHO #UKNOW #ユノ #ユンホ
#동방신기 #TVXQ #東方神起
 #리얼리티쇼 #Reality_show
#VujaDe #뷰자데"
259,"[포토]유노윤호, 귀여운 열정만수르 (출처 : 헤럴드POP | 네이버 TV연예) https://naver.me/GwINjQgt
#유노윤호 #UKNOW #VujaDe
#Reality_Show #리얼리티쇼 #뷰자데
#정윤호 #YUNHO #ユンホ #ユノ"
260,"이동관 방송통신위원자 후보자 지명!

공영방송 정상화를 위한 적임자?
정권의 방송/언론 장악을 위한 신호탄?

여러분은 어떻게 생각하시나요?"
261,"우리옵바 인스타
 https://instagram.com/reel/CwC0SItIadB/?igshid=NTc4MTIwNjQ2YQ==…

#유노윤호 #정윤호 #YUNHO #CHUNGYUNHO #UKNOW #ユノ #ユンホ #리얼리티쇼 #Reality_show #VujaDe #뷰자데"
262,"[LIVE] '유노윤호.스테이씨.ITZY.권은비.조유리'뮤직뱅크 출근길 2023.08.18  KBS 'MUSIC BANK' on... https://youtube.com/live/xRsivjtTXPs?feature=share… - 
@YouTube"
263,"유노윤호, 부드러운 인사~ [포토엔HD] (출처 : 뉴스엔 | 네이버 TV연예) https://naver.me/5kkZiJh9
#유노윤호 #UKNOW #VujaDe
#Reality_Show #리얼리티쇼 #뷰자데
#정윤호 #YUNHO #ユンホ #ユノ"
264,"눈부신 Spotlight#태용 #TAEYONG #유노윤호 #UKNOW #동방신기 #TVXQ! #東方神起 #Spotlight #... https://youtube.com/shorts/rdzBiFx4BIQ?feature=share… 출처 
@YouTube"
265,"유노윤호 리얼리티쇼 포카 교환 구합니다

사진에 있는 포카들을 
 script ver 타란티노 윤호 / Fake zine ver 뷰자데 윤호 
로 교환 원합니다 !!

금요일 뮤뱅 사녹에서 교환 가능하신 분도 있으시다면 디엠 주세요 !!"
266,아니 잠깐 정유노윤호 이거 브렉시트 셔트냐곸ㅋㅋㅋㅋㅋㅋㅋㅋㅋㅋㅋㅋㅋㅋㅋㅋㅋㅋㅋㅋㅋㅋㅋㅋㅋㅋㅋㅋㅋㅋㅋㅋ 유럽연합 국기의 12개 별 중에 1개가 떨어져나가서 혼자 오빠 등 뒤에 있엌ㅋㅋㅋㅋㅋㅋㅋㅋㅋㅋㅋㅋㅋㅋㅋㅋㅋㅋㅋㅋㅋㅋㅋㅋㅋㅋㅋ
267,"230818 뮤직뱅크 출근 데이터 판매

TVXQ
유노윤호

#대리찍사 대리 데이터 data"
268,뮤뱅 내일 스케줄이 다 이상한듯 유노윤호랑 지효도 25분 차이남 전부 무세트로 가는거야?
269,"Are you experiencing a loss of sex drive, numbness in the genitals, or emotional blunting?

Have you taken antidepressants in the past and are no longer taking them?

You might be suffering from Post-SSRI Sexual Dysfunction (PSSD)."
270,"230818 #인기가요 사전투표완
#유노윤호 보러 가고 싶어요
#멜론방청권이벤트"
271,"유노윤호, 이때 아니면 볼 수 없는 볼하트 [포토엔HD] (출처 : 뉴스엔 | 네이버 TV연예) https://naver.me/Gnv24Olf
#유노윤호 #UKNOW #VujaDe
#Reality_Show #리얼리티쇼 #뷰자데
#정윤호 #YUNHO #ユンホ #ユノ"
272,"yunho2154 IG update

최면에서 깨어나 3.2.1 Spike !

#RedSun
#점보스 #JUMBOS
#V_리그 #V_LEAGUE
#유노윤호 #UKNOW
#VujaDe #부자데
#Reality_Show #리얼리티쇼"
273,"……최고예요
고마워요
모든 분들께 감사드립니다

#Reality_Show #리얼리티쇼 ·˖
#RedSun
#UKNOW #ユンホ #유노윤호 
YUNHO from 東方神起
U-KNOW  Thank U"
274,"너무 좋아서 자기 전에 또 보고 있어ㅠ
우리 윤호 대단하다 
#유노윤호 #UKNOW #ユノ #ユンホ #YUNHO #CHUNGYUNHO
#동방신기 #TVXQ! #東方神起
#VujaDe #뷰자데 #Spotlight
#Reality_Show #리얼리티쇼
https://youtu.be/nP_PtzIbfpA"
275,"230816 가요광장 모음
좋아요댓글체크

https://instagram.com/p/Cv_wY5_OX3o/
https://instagram.com/p/Cv_w004uL7Z/
https://youtube.com/watch?v=uSqieEmZkIc&t=43s…
https://youtube.com/watch?v=a5XS5FVKjSk&t=100s…
https://youtube.com/shorts/3iUNHNTtMYg…
https://youtube.com/watch?v=DrxLJ9dRG2U…

#유노윤호 #정윤호 #UKNOW #ユンホ #리얼리티쇼 #Reality_show #VujaDe #뷰자데"
276,"새벽에 들으면 더 와닿다

Curtain by 유노윤호"
277,"U-KNOW 유노윤호 'Vuja De' MV https://youtu.be/szZq9FGIeSY via 
@YouTube
 

U-KNOW #유노윤호
#Reality_Show #리얼리티쇼 #VuJaDe
#U_KNOW #UKnow #ユンホ 
#東方神起 #TVXQ 
We Are U"
278,이번에 유노윤호 뮤비같은거에 카리나 나온거 장난없더라. 유노윤호 노래부분만 넘기고 다봣어.
279,"Check out the picture to see what we did to save energy. Along with noteable improvement in electric and water savings, we also made progress in cutting carbon emissions. These achievements demonstrate #LONG’s commitment to building a greener planet."
280,"[+] 230816 kbsgayo photos

열정만수르 팬사랑꾼 서윗남
동방신기 #유노윤호 씨와 함께 했어요
저기요~ 텐디와 쌩초면 맞나요?
 https://instagram.com/p/Cv_wY5_OX3o/?hl=en…

텐디한테 행복한 물개 포즈와
반윤희 포즈 배워서 찰떡같이 소화한 정다정씨
미모가 황송하구나
 https://instagram.com/p/Cv_w004uL7Z/?hl=en…

#동방신기"
281,유노윤호 덕질 볼 거 많아서 바쁘다 바빠
282,"오늘도 #유노윤호 투표완
#인기가요 #멜론방청권이벤트"
283,"유노윤호 포토카드 포카 교환 구합니다!!!
스크립트 버전 교환합니다. script버전
저 : 4번째 
천사님 ; 1번째

뮤직뱅크 뮤뱅 사녹에서도 가능해요!

#유노윤호 #뷰자데 #유노윤호_VujaDe"
284,"Circle Chart #U_KNOW soloalbum sales
150585+185971+115569=452,125枚

45万枚通過

#유노윤호 #UKNOW  #VujaDe #뷰자데
#Reality_Show #리얼리티쇼　#NEXUS
Vuja De 뷔자데 Wannabe 워너비
Tarantino 타란티노 Relax 릴렉스
Spotlight 스포트라이트 Curtain 커튼
#ユンホ We are U #YUNHO"
285,"[TD포토+] 유노윤호 '설레는 비주얼'

U-KNOW 유노윤호 The 3rd Mini Album ‘Reality Show’
#유노윤호 #UKNOW #ユンホ
#Reality_Show #리얼리티쇼 
#Vujade  
#NEXUS"
286,"눈부신 Spotlight

#태용 #TAEYONG #유노윤호 #UKNOW #동방신기 #TVXQ! #東方神起 #Spotlight #스포트라이트 #This_is_my_swag

https://youtube.com/shorts/rdzBiFx4BIQ?feature=share… 
https://instagram.com/reel/CwCqdpfJLhh/?igshid=MzRlODBiNWFlZA==…"
287,"빨리 집에 가서 보고 싶다
#유노윤호 #UKNOW
#동방신기 #TVXQ! #東方神起
#Reality_Show #리얼리티쇼"
288,"[포토]유노윤호, 싱그러운 열정만수르 (출처 : 헤럴드POP | 네이버 TV연예) https://naver.me/Ga2tiwVm"
289,"[포토]유노윤호, 귀여운 열정만수르 (출처 : 헤럴드POP | 네이버 TV연예) https://naver.me/GwINjQgt"
290,"[ 영통 ] #유노윤호 #UKNOW
이벤트 일시: 8.21(월) 20시
판매처: 위드뮤
추첨인원: 30명
응모기간: 8.16(수)~8.18(금) 17시 59분까지
당첨자발표: 8.18(금) 19시 이후"
291,"From famous authors to inventors to world dictators,  how many historical figures can you recognize?"
292,유노윤호 말하는 거 아니겠지.
293,"https://instagram.com/reel/CwCqdpfJLhh/?igshid=MTVlNTYxMjY2ZQ==…
#태용 #TAEYONG 

U-KNOW 유노윤호 The 3rd Mini Album ‘Reality Show’
#유노윤호 #UKNOW #ユンホ
#Reality_Show #리얼리티쇼 
#Vujade  
#NEXUS"
294,"뮤직뱅크 8월 18일 라인업

더보이즈 유노윤호 (동방신기)
지효(트와이스) ITZY
다이나믹듀오& DJ 프리미어
권은비 조유리 STAYC 
다크비 아일리원 세븐어스
러블루션(트리플에스)
엔싸인 에이디야 
더윈드 에이블루"
295,"이걸 보면서 기분이 뭉클하면서도 코 끝이 찡해진 건
나만 그런 게 아니구나
3분, 찰나의 스포트라이트를 위해 땀 흘린 당신의 노력에 다들 같은 감정을 느끼고 있다는 것
진정한 쇼맨
#유노윤호 #UKNOW
#동방신기 #TVXQ! #東方神起
#VujaDe #뷰자데
#Reality_Show #리얼리티쇼
#유노윤호_VujaDe"
296,"다음주 엠카 컴백팀
에스파 효연 스테이씨 지효 유노윤호 에버글로우 악동뮤지션 아 미친 기억도 안나 더 있음 ㅅㅂ

에스엠 이거 쿼터제 짤려여하는거 아님?"
297,"230818 뮤직뱅크 출근,퇴근 대리찍사

더보이즈 Theboyz
엔싸인 nSSign
TVXQ 유노윤호
트리플에스 tripleS LOVElution
트와이스 Twice 지효 
있지 ITZY 
에이블루 ABULE
세븐어스 스테이씨 다크비 아일리원
에이디야 더윈드 권은비 조유리

대리 댈찍 데이터 data

프로필 내 오픈카톡 문의"
298,"대리 앨범깡 

앨범 대리 개봉하고 원하는 구성품만 배송합니다!

미공포 포카 포토카드 팬사인회 수령 응모 팬싸 수고비 양도 처분 최민호 권은비 피원하모니 에잇턴 유노윤호 마마무플러스 피크타임 배너 엔믹스 전소미 기현 보이넥스트도어 브브걸 오마이걸 뉴진스 아이칠린 나인아이 bxb"
299,"𖦹 광야클럽 사전녹화 생방송 대리버튼림 진행합니다 𖦹
선입금X 수고비 조정 가능합니다
경력 마음함

소녀시대 유노윤호 동반신기 엔시티 127 드림 에스파 태연 샤이니 엑소"
300,"눈부신 Spotlight#태용 #TAEYONG #유노윤호 #UKNOW #동방신기 #TVXQ! #東方神起 #Spotlight #... https://youtube.com/shorts/rdzBiFx4BIQ?feature=share… via 
@YouTube"
301,유노윤호
302,U-KNOW 유노윤호 'Vuja De' MV
303,"인기가요 세트사녹 예상  
스테이씨(확정) 유노윤호 지효  

합동사녹 예상  
트리플에스 러볼루션 엔싸인 전소미 
트레져 다크비   

생방 예상  
조유리 권은비 세븐어스 아일리원 프림로즈 ADYA
더윈드"
304,"Want to be the ultimate human firewall? Introducing Hackops, a VR learning game by 
@ELBlearning
 & 
@CyberCatch_CYBE
. Explore #cybersecurity in a whole new dimension with Cenario VR.  Dive in and get the details at BSM!  https://bit.ly/45yQhpL?twclid=23b2tjmnz8rhasuc1iu416efo5"
305,유노윤호 최강창민 이특 희철 예성 신동 은혁 시원 동해 규현 태연 써니 효연 유리 윤아 온유 키 민호 태민 시우민 디오 백현 카이 세훈 아이린 슬기 웬디 조이 예리 태일 쟈니 태용 유타 도영 재현 정우 마크 해찬 런쥔 제노 재민 천러 지성 쿤 텐 윈윈 샤오쥔 헨드리 양양 카리나 지젤 윈터 닝닝
306,"엠카운트다운 next week

에스파 효연 스테이씨 지효 유노윤호 에버글로우 악동뮤지션 예린
더보이즈 스페셜유닛"
307,"춤으로 대화를 하는 것 같다.
어두운 배경에 반짝이는 두 사람반짝반짝
#유노윤호   #UKNOW 
#Spotlight   #스포트라이트 
#Reality_Show   #리얼리티쇼 
#This_is_my_swag"
308,"230818 뮤직뱅크 출근 퇴근 대리찍사 합니다

프로필 오픈카톡 문의주세요

더보이즈 THEBOYZ
있지 ITZY
스테이씨 STAYC
트와이스 TWICE 지효
동방신기 TVXQ 유노윤호
더윈드 
에이블루 
에이디야
엔싸인 
트리플에스 tripleS
다크비 DKB
세븐어스 아일리원 조유리

#대리찍사 대리 댈찍 데이터 DATA"
309,"230818 뮤직뱅크 출근 퇴근 대리찍사 합니다

中文/english 

프로필 옵카 주세요

더보이즈 THEBOYZ
있지 ITZY
스테이씨 STAYC
트와이스 TWICE 지효
동방신기 TVXQ 유노윤호
더윈드 TheWind
엔싸인 nSSign
트리플에스 tripleS
다크비 세븐어스
권은비 조유리

#대리찍사 대리 댈찍 데이터 DATE"
310,유노윤호는 누가 해
311,"강타 (KANGTA), 보아 (BoA), 유노윤호 (U-KNOW), 이특 (LEETEUK), 태연 (TAEYEON), 온유 (ONEW), 수호 (SUHO), 아이린 (IRENE), 태용 (TAEYONG), 마크 (MARK), 쿤 (KUN), 카리나 (KARINA)의 The Cure - 감상해보세요. http://kko.to/RudMhOqQJD #Melon"
312,"230818 뮤직뱅크 출근 퇴근 대리

샘플 후기 메인트윗

에이디야
아일리원
더보이즈 Theboyz
엔싸인 nSSign
동방신기 TVXQ 유노윤호
트리플에스 러볼루션 triples LOVElution
트와이스 Twice 지효 jihyo
있지 ITZY
스테이씨 stacy
다크비 
더윈드
권은비
조유리
세븐어스
에이블루

댈찍 데이터 뮤뱅"
313,"11시 40분탐에 3팀 합동사녹 있네

하나 유노윤호 100명이고

누구랑 합동할려나

전소미? 트리플에스 러볼루션? 트레져?"
314,"3시 유노윤호고 8시 스테이씨면

지효(트와이스는) 5시 예상"
315,"230818 뮤직뱅크 출근 데이터 팝니다

프로필 오픈카톡으로 문의주세요

권은비 조유리
스테이씨 STAYC
수민 시은 아이사 세은 윤 재이 
있지 ITZY
예지 류진 채령 유나 리아
유노윤호

대리찍사 댈찍 데이터 data"
316,"Help apply TVXQ U-KNOW 允浩 

China yzy yizhiyu withfans 《Reality Show》

Video call fansign cut

https://open.kakao.com/o/sy71FOXc

동방신기 유노윤호 중국 이즈위 영통 팬싸인회 대리응모 

#ユンホ #유노윤호 #UKNOW #Reality_Show #리얼리티쇼 #YUNHOfrom東方神起 #정윤호 #U-KNOW #동방신기 #TVXQ"
317,"230818 뮤직뱅크 출근 데이터 판매 합니다.

있지 ITZY 류진 예지 채령 리아 유나
스테이씨 시은 세은 윤 아이사
권은비 
조유리
유노윤호

#대리찍사 대리 댈찍 데이터 data"
318,"MusicSnake - Crypto Creep: https://youtu.be/mssObMdBcWU?twclid=2597cbjimho8px3kksikkds321

#crypto"
319,"감동했어요 이걸 보고싶었어요
언제나 최선을 다해 열심히 하는 윤호를
 응원하고 있어요

#유노윤호 #UKNOW
#Reality_Show #VujaDe
#ユンホ #YUNHO #정윤호
#TVXQ #東方神起"
320,"U-KNOW 유노윤호 'Vuja De' MV https://youtu.be/szZq9FGIeSY via 
@YouTube"
321,"230818 뮤직뱅크 출근,퇴근 대리찍사 해드려요

ENG,日語Paypal

더보이즈 Theboyz
엔싸인 nSSign
TVXQ 유노윤호
트리플에스 tripleS LOVElution
트와이스 Twice 지효 
있지 ITZY 
에이블루 ABULE
세븐어스 스테이씨 다크비 아일리원
에이디야 더윈드 권은비 조유리

#대리찍사 대리 데이터 data"
322,"230818 뮤직뱅크 출근,퇴근 대리찍사 해드려요

오픈카톡으로 문의 주세요

더보이즈 Theboyz
엔싸인 nSSign
TVXQ 유노윤호
트리플에스 tripleS LOVElution
트와이스 Twice 지효 
있지 ITZY 
에이블루 ABULE
세븐어스 스테이씨 다크비 아일리원
에이디야 더윈드 권은비 조유리

댈찍 대리 데이터 data"
323,"230818 뮤직뱅크 출근,퇴근 대리찍사 합니다

中文/ENGLISH

더보이즈 Theboyz
엔싸인 nSSign
TVXQ 유노윤호
트리플에스 tripleS LOVElution
트와이스 Twice 지효 
있지 ITZY 
에이블루 ABULE
세븐어스 스테이씨 다크비 아일리원
에이디야 더윈드 권은비 조유리

#대리찍사 대리 데이터 data"
324,"230818 뮤직뱅크 대리찍사합니다. 

에이디야 
아일리원
ITZY 
엔싸인
스테이씨
tripleS LOVElution
권은비 조유리
다크비
더보이즈
더윈드
세븐어스
에이블루
유노윤호

http://open.kakao.com/o/sClDgusc
中文/ ENG
#대리찍사 #댈찍 #데이터"
325,"U-KNOW 유노윤호 'NEXUS' | Reality Show Reaction https://youtu.be/RH7gBr9X_AE via 
@YouTube"
326,"공방 광야클럽 유노윤호 인가 대리 신청 받습니다

경력 쌓는 중 당분간 선입
성공시 고정 수고비 5.0
매크로 사용

에스파 태용 엔시티 드림 음방 성공 경력 많음
옵카주세요

위버스 팬즈 광야클럽 다음카페 폼림 더쇼 사녹 정우 뮤뱅 음중 엠씨 127 nct dream 샤이니 엑소 동방신기 tvxq"
327,"230818 뮤직뱅크 출근길 퇴근길 대리찍사 합니다

더보이즈 THEBOYZ
있지 ITZY
스테이씨 STAYC
트와이스 TWICE 지효
동방신기 TVXQ 유노윤호
더윈드 TheWind
에이블루 ABLUE
에이디야 ADYA
엔싸인 nSSign
트리플에스 tripleS
다크비 세븐어스
아일리원 권은비 조유리

대리찍사 대리 댈찍 데이터 DATA"
328,"230818 뮤직뱅크 지류티켓 1장 양도합니다 
DM이나 오카로 연락주세요
MUSIC BANK TICKET 1EA
Foreigner  sell  DM plz

http://open.kakao.com/o/sjcQWPBf

방청권 본방 생방 당첨 지류 양도 사녹 뮤뱅 뮤직뱅크 더보이즈 트레저 유노윤호 연준 운학 공방포카 엠씨"
329,"The Cure - 강타 (KANGTA), 보아 (BoA), 유노윤호... - 들어보세요."
330,"Check out the best Chill Rap playlist on #Spotify  https://open.spotify.com/playlist/2uRyFVqOXgy1P2J49xZ9e0?si=1fca86c37a264c72&twclid=2-4fe3w1l6v03vp6e67nzgltkz…

#chill #NewMusic2023"
331,"U-KNOW 유노윤호 'Vuja De' MV     
 #유노윤호 #UKNOW #동방신기 #TVXQ! #東方神起 #VujaDe #뷰자데 #Reality_Show #리얼리티쇼 #YUNHO 

https://youtu.be/szZq9FGIeSY
@YouTube"
332,"230820 인기가요 본방송 지류티켓 양도합니다 sell
본인확인,입장문제 
Foreigner 
본방 거래내역 많음(인증가능)

https://open.kakao.com/o/s819Tqvf

앱당첨 방청권 본방 생방 당첨 지류 양도 동반인 사녹 대리 폼림 인가 뮤뱅 뮤직뱅크 더보이즈 트레저 유노윤호 연준 운학 공방포카 엠씨"
333,"[스투라이크] '솔로 컴백' 유노윤호, 이러니 팬들이 녹지... 스윗한 출근길"
334,"U-KNOW 유노윤호 'Vuja De' MV         
#유노윤호 #UKNOW #동방신기 #TVXQ! #東方神起 #VujaDe #뷰자데 #Reality_Show #리얼리티쇼 #YUNHO 

https://youtu.be/szZq9FGIeSY
@YouTube"
335,"U-KNOW 유노윤호 'NEXUS' | Reality Show      
#유노윤호 #UKNOW #동방신기 #TVXQ! #東方神起 #NEXUS #Reality_Show #리얼리티쇼 #YUNHO 
#aespa #에스파 #KARINA 

https://youtu.be/I_FZWF1_qaY
@YouTube"
336,"광야클럽 광클 사전녹화 대리 진행합니다

TVXQ 동방신기 유노윤호 U-KNOW 인기가요  'Vuja De' 'Spotlight' 사전녹화 대리

엠카운트다운 뮤직뱅크 엠카 뮤뱅 사녹

광야클럽 사녹 대리 성공률 85%
실패 가능성 있습니다

 양식 
U-KNOW - 음방 / 수고비 고정 3

http://open.kakao.com/o/sGtAvyBf"
337,"U-KNOW 유노윤호 'Vuja De' MV       
#유노윤호 #UKNOW #동방신기 #TVXQ! #東方神起 #VujaDe #뷰자데 #Reality_Show #리얼리티쇼 #YUNHO 

https://youtu.be/szZq9FGIeSY
@YouTube"
338,"U-KNOW 유노윤호 'Vuja De' MV        
#유노윤호 #UKNOW #동방신기 #TVXQ! #東方神起 #VujaDe #뷰자데 #Reality_Show #리얼리티쇼 #YUNHO 

https://youtu.be/szZq9FGIeSY
@YouTube"
339,"U-KNOW(유노윤호) - Thank U @인기가요 inkigayo 20210124 https://youtu.be/m0QydfuXgk0 - 
@YouTube
내가 젤 조아하는 땡큐 무대…. 여기서 보노 코트 입고 무대하는데 걍.. 걍 너무 남자 냄새 나서 죽을 거 같음 진짜 겨론하자"
340,"U-KNOW 유노윤호 'NEXUS' | Reality Show        
#유노윤호 #UKNOW #동방신기 #TVXQ! #東方神起 #NEXUS #Reality_Show #리얼리티쇼 #YUNHO 
#aespa #에스파 #KARINA 

https://youtu.be/I_FZWF1_qaY
@YouTube"
341,10 Thoughtful DIY Gift Ideas for Any Occasion https://tondtond.com/blog/gift-idea?twclid=2-3sj2ru0hmb3dlpvw4kpjl0jxp
342,"U-KNOW 유노윤호 'NEXUS' | Reality Show       
#유노윤호 #UKNOW #동방신기 #TVXQ! #東方神起 #NEXUS #Reality_Show #리얼리티쇼 #YUNHO 
#aespa #에스파 #KARINA 

https://youtu.be/I_FZWF1_qaY
@YouTube"
343,"U-KNOW 유노윤호 'NEXUS' | Reality Show         
#유노윤호 #UKNOW #동방신기 #TVXQ! #東方神起 #NEXUS #Reality_Show #리얼리티쇼 #YUNHO 
#aespa #에스파 #KARINA 

https://youtu.be/I_FZWF1_qaY
@YouTube"
344,"230818 뮤직뱅크 출근 퇴근 대리찍사 합니다

더보이즈 Theboyz
엔싸인 nSSign
동방신기 TVXQ 유노윤호
트리플에스 러볼루션 triples LOVElution
트와이스 Twice 지효 jihyo
있지 ITZY
스테이씨 stacy
더윈드
권은비
조유리
등 전 라인업 가능

그룹+멤버명으로 문의주세요
http://open.kakao.com/me/Daeri_Winter… Show more"
345,"230818 뮤직뱅크 지류티켓 양도합니다 
DM이나 오카로 연락주세요
MUSIC BANK TICKET
Foreigner  sell  DM plz

https://open.kakao.com/o/sjcQWPBf

방청권 본방 생방 당첨 지류 양도 사녹 뮤뱅 뮤직뱅크 더보이즈 트레저 유노윤호 연준 운학 공방포카 엠씨"
346,"당신의 19금 성향은?
──────────────────
아이리스님은 수면플입니다.
https://gaeyou.com/t/?264013"
347,"당신의 19금 성향은?
──────────────────
샤로님은 은밀한 부위의 타투입니다.
https://gaeyou.com/t/?264013
헉."
348,"네 그것이 실제로 일어났습니다..
레전드 갓작 혼불이.. 무려... 양장본으로..!! 
혼불 표지 너무 좋아해서 진짜 두근두근,,,

게다가 공식 굿즈 퀄리티는 말해 뭐해
일코 가능한 윤태희 팔찌에다가 대륭고 키링까지!! (...털썩) 

이건 진짜 나만 찜꽁하기 아깝다ㅋㅋ
얼른 가서 확인해 봐~!!"
349,"당신의 19금 성향은?
──────────────────
김제민님은 무성욕자입니다.
https://gaeyou.com/t/?264013 

정확하군 ㅇ3ㅇ!"
350,"당신의 19금 성향은?
──────────────────
화린님은 정상인입니다.
https://gaeyou.com/t/?264013 

이거 정확하네~"
351,"당신의 19금 성향은?
──────────────────
장미님은 갱뱅입니다.
https://gaeyou.com/t/?264013

..? 한번만에 이게 나온다고..?
GB할래요!!"
352,"뱀파이어에게 피를 줬을 뿐인데 
야릇한 기분이 드는 건 왜일까

블러디 헬시https://bit.ly/4535Plo?twclid=2-20qu1yv1oeuazw4opsqsgtazl

#BL #계약관계 #뱀파이어공 #직진수"
353,"당신의 19금 성향은?
──────────────────
쟈쟈쟌님은 고자입니다.
https://gaeyou.com/t/?264013"
354,"당신의 19금 성향은?
──────────────────
스기님은 지금도 하고있는 변태입니다.
https://gaeyou.com/t/?264013

???????"
355,"당신의 19금 성향은?
──────────────────
에블린님은 걍 노예입니다.
ㄱ ㅡ.......
https://gaeyou.com/t/?264013"
356,"당신의 19금 성향은?
──────────────────
새콤달콤말랑콩떡님은 걍 변태입니다.
https://gaeyou.com/t/?264013

? 이거 불량이네"
357,"당신의 19금 성향은?
──────────────────
N.U님은 사디스트입니다.
https://gaeyou.com/t/?264013
그게뭐지"
358,"당신의 19금 성향은?
──────────────────
아_토님은 은밀한 부위의 피어싱입니다.
https://gaeyou.com/t/?264013

햝을때 링이 느껴지면 짜릿하긴하지 힣"
359,"당신의 19금 성향은?
──────────────────
청랑님은 메이드복입니다.
https://gaeyou.com/t/?264013
저 이런 취향 없어요"
360,"당신의 19금 성향은?
──────────────────
리천님은 [검열삭제]입니다.
https://gaeyou.com/t/?264013"
361,"당신의 19금 성향은?
──────────────────
레이아님은 목덜미 페티시입니다.
https://gaeyou.com/t/?264013 
ㄴ...니가 뭘 알아!!!"
362,"당신의 19금 성향은?
──────────────────
려아님은 천연기념물입니다.
https://gaeyou.com/t/?264013

웅애!"
363,Register & Get
364,"엥?????????

 당신의 19금 성향은?
──────────────────
더스트오프3님은 목덜미 페티시입니다.
https://gaeyou.com/t/?264013"
365,"당신의 19금 성향은?
──────────────────
레이헤르츠님은 엉덩이 페티시입니다.
https://gaeyou.com/t/?264013

쉬벌 어케 알았지"
366,"당신의 19금 성향은?
──────────────────
예담님은 양말 페티시입니다.
https://gaeyou.com/t/?264013"
367,"당신의 19금 성향은?
──────────────────
서성님은 사디스트입니다.
https://gaeyou.com/t/?264013

?????어케알았어"
368,"당신의 19금 성향은?
──────────────────
애취님은 노예플입니다.
https://gaeyou.com/t/?264013

노예 보다는 병신 강제로 따먹기가…"
369,"당신의 19금 성향은?
──────────────────
렌님은 스타킹 페티시입니다.
https://gaeyou.com/t/?264013

뎃.."
370,"당신의 19금 성향은?
──────────────────
이명옥님은 처때리기입니다.
https://gaeyou.com/t/?264013"
371,"당신의 19금 성향은?
──────────────────
곰기밥님은 메이드복입니다.
https://gaeyou.com/t/?264013 

흠....도망치자"
372,"당신의 19금 성향은?
──────────────────
낭닥구님은 사디스트입니다.
https://gaeyou.com/t/?264013
이거 진짜네"
373,"당신의 19금 성향은?
──────────────────
짭떡국님은 걍 노예입니다.
https://gaeyou.com/t/?264013

예?"
374,"[작가님들 주목!] 웹툰투고 𝐄𝐕𝐄𝐍𝐓
미스터블루가 소중한 작가님을 모십니다!

확인하기http://bit.ly/46u6MEB?twclid=25y03s6njnvanugcdp29f1dsuq

𝐄𝐕𝐄𝐍𝐓 𝟏
이벤트 기간 중 계약 시
모든 작가님들께 최대 100만 원 지급

𝐄𝐕𝐄𝐍𝐓 𝟐
투고한 작가님 전원 블루머니 1만 원 지급"
375,"당신의 19금 성향은?
──────────────────
하나님은 걍 노예입니다.
https://gaeyou.com/t/?264013 

들었지?? 컴온 케이아"
376,"당신의 19금 성향은?
──────────────────
채콩님은 마조입니다.
https://gaeyou.com/t/?264013
네‽"
377,"당신의 19금 성향은?
──────────────────
지뢰=내꺼님은 감금플입니다.
https://gaeyou.com/t/?264013 
어...아니 잠깐만 이새끼 독심술사에요!"
378,"당신의 19금 성향은?
──────────────────
Hyul님은 노예플입니다.
https://gaeyou.com/t/?264013

...?"
379,"당신의 19금 성향은?
──────────────────
랑님은 걍 변태입니다.
https://gaeyou.com/t/?264013

어라 ㅇ맞긴한데요"
380,"당신의 19금 성향은?
──────────────────
유메칸다님은 스팽커입니다.
https://gaeyou.com/t/?264013

쓰읍.."
381,"당신의 19금 성향은?
──────────────────
일오님은 걍 변태입니다.
https://gaeyou.com/t/?264013 

헤헷.. 네..."
382,"당신의 19금 성향은?
──────────────────
녀님은 정상인입니다.
https://gaeyou.com/t/?264013

? ㅎ"
383,"당신의 19금 성향은?
──────────────────
키라님은 2D과몰입변태입니다.
https://gaeyou.com/t/?264013

잉구링?"
384,"무슨 당연한 소릴...

 당신의 19금 성향은?
──────────────────
헤르미온님은 마조섭입니다.
https://gaeyou.com/t/?264013"
385,"쟤네 둘이 먹는데 왜 내가 침이 고이지?

<역공> 런칭기념 100% 캐시백
무료보기 https://bit.ly/3OXgPvf?twclid=23c933v96n4i2k9gbgb4hxvqfh

#BL #대형견공 #쓰레기수 #후회수"
386,"당신의 19금 성향은?
──────────────────
이름님은 시스루입니다.
https://gaeyou.com/t/?264013

어머.......어떻게 알았지^^"
387,"역시 나는 세상에서 제일 건전하지 않을까?

 당신의 19금 성향은?
──────────────────
초해월님은 무성욕자입니다.
https://gaeyou.com/t/?264013"
388,"당신의 19금 성향은?
──────────────────
정민기님은 정상인입니다.
https://gaeyou.com/t/?264013

이딴게 나오기도 하는구나"
389,"당신의 19금 성향은?
──────────────────
이랑님은 목덜미 페티시입니다.
https://gaeyou.com/t/?264013"
390,"당신의 19금 성향은?
──────────────────
송혜인님은 걍 노예입니다.

예?ㅋㅋㅋㅋㅋㄱㅋㄹㅋㄹㅋㅋㄹㅋㅎㅋㅎㅋㅎㅋㅋㅋ
https://gaeyou.com/t/?264013"
391,"당신의 19금 성향은?
──────────────────
부불님은 메이드복입니다.
https://gaeyou.com/t/?264013

?"
392,"당신의 19금 성향은?
──────────────────
나미님은 걍 변태입니다.
https://gaeyou.com/t/?264013

네…."
393,"당신의 19금 성향은?
──────────────────
하론이님은 잡곡밥 페티시입니다.
https://gaeyou.com/t/?264013 

예?"
394,"당신의 19금 성향은?
──────────────────
나리님은 오지콤입니다.
https://gaeyou.com/t/?264013

맞는데요 성저씨 란저씨 사랑하는데요"
395,"당신의 19금 성향은?
──────────────────
이꽁치님은 고자입니다.
https://gaeyou.com/t/?264013

일단 내가 야한걸 안 좋아하긴 하지ꉂꉂ(ᵔᗜᵔ*)"
396,"고것이... 연인이 아니고..

엔네아드https://bit.ly/3E0Qoi1?twclid=2-74sfm9x4kwgdzs25g1tc4ng12

#피폐물 #군림수 #모럴리스 #배틀연애"
397,"당신의 19금 성향은?
──────────────────
미유님은 감금플입니다.
https://gaeyou.com/t/?264013"
398,"당신의 19금 성향은?
──────────────────
잉그램님은 고자입니다.
https://gaeyou.com/t/?264013 

머 임마?!"
399,"당신의 19금 성향은?
──────────────────
먛먛님은 돔입니다.
https://gaeyou.com/t/?264013"
400,"당신의 19금 성향은?
──────────────────
먹물님은 걍 변태입니다.
https://gaeyou.com/t/?264013

인정."
401,"당신의 19금 성향은?
──────────────────
세실님은 에프록토필리아입니다.
https://gaeyou.com/t/?264013

헝..
뭔가 찾아봤네
아니거든요?
질색팔색"
402,"당신의 19금 성향은?
──────────────────
죽순님은 걍 변태입니다.
https://gaeyou.com/t/?264013

야랄 ㄴㄴ"
403,"당신의 19금 성향은?
──────────────────
맬렁소님은 목덜미 페티시입니다.
https://gaeyou.com/t/?264013

그
음
어
엄"
404,"당신의 19금 성향은?
──────────────────
ㄷㅇ님은 바닐라입니다.
https://gaeyou.com/t/?264013
절대 아닌디"
405,"당신의 19금 성향은?
──────────────────
개꽃님은 시스루입니다.
https://gaeyou.com/t/?264013

시스루 입은 김거1누 상상.
캐붕 같고 좋네용"
406,"당신의 19금 성향은?
──────────────────
순덕이님은 수치플입니다.

ㅇㅅㅇ...그래서 수치는 누가 당할래?
https://gaeyou.com/t/?264013"
407,"당신의 19금 성향은?
──────────────────
ㅇㅂ님은 답이없는 변태입니다.
https://gaeyou.com/t/?264013 
뭐요시발?"
408,"당신의 19금 성향은?
──────────────────
무아님은 고자입니다.
https://gaeyou.com/t/?264013

어캐 알았지"
409,"당신의 19금 성향은?
──────────────────
야아쓰님은 돔입니다.
https://gaeyou.com/t/?264013 

호오....."
410,"당신의 19금 성향은?
──────────────────
흔적님은 모브물입니다.
https://gaeyou.com/t/?264013

...네?"
411,"당신의 19금 성향은?
──────────────────
느와르 샬레선생님은 고자입니다.
https://gaeyou.com/t/?264013"
412,"당신의 19금 성향은?
──────────────────
루비님은 수면플입니다.
https://gaeyou.com/t/?264013

헉 ///"
413,"당신의 19금 성향은?
──────────────────
급컨님은 [검열삭제]입니다.
https://gaeyou.com/t/?264013

....????"
414,"당신의 19금 성향은?
──────────────────
히요리님은 디그레이더입니다.
https://gaeyou.com/t/?264013
그게뭐여요"
415,"조선시대 설화집 어우야담에 기록된 인어를 아시나요?
네 가지 빛깔로 빚어낸 신비로운 조선 인어의 향

사계절 인어를 품은 신비로운 향수와 천연원석 장신구!
텀블벅에서 다양한 이벤트와 함께 후원을 통해 만나보세요"
416,"당신의 19금 성향은?
──────────────────
교토님은 디그레이더입니다.
https://gaeyou.com/t/?264013

그게뭔데"
417,"당신의 19금 성향은?
──────────────────
차양운님은 골든샤워입니다.
https://gaeyou.com/t/?264013

더 러 워"
418,"당신의 19금 성향은?
──────────────────
나님은 잡곡밥 페티시입니다.
https://gaeyou.com/t/?264013"
419,"당신의 19금 성향은?
──────────────────
안태우님은 은밀한 부위의 타투입니다.
https://gaeyou.com/t/?264013"
420,"당신의 19금 성향은?
──────────────────
민트님은 치킨입니다.

ㅇㅈ이지;
https://gaeyou.com/t/?264013"
421,"당신의 19금 성향은?
──────────────────
릴리님은 수면플입니다.
https://gaeyou.com/t/?264013"
422,"당신의 19금 성향은?
──────────────────
세레스 셀라님은 크로스드레서입니다.
https://gaeyou.com/t/?264013 

뭐야 나도 정상 줘요
그래서 크로스드레서가 먼대"
423,"당신의 19금 성향은?
──────────────────
김윤슬님은 시스루입니다.
https://gaeyou.com/t/?264013

다 보인다는건가?"
424,"당신의 19금 성향은?
──────────────────
야호님은 치킨입니다.
https://gaeyou.com/t/?264013

먕..?"
425,"당신의 19금 성향은?
──────────────────
베리님은 호피무늬입니다.
https://gaeyou.com/t/?264013

이게 뭐죠"
426,"당신의 19금 성향은?
──────────────────
고라니님은 고자입니다.
https://gaeyou.com/t/?264013"
427,"당신의 19금 성향은?
──────────────────
좝님은 목덜미 페티시입니다.
https://gaeyou.com/t/?264013

ㅆㅃ 뒤에 사람있지"
428,"당신의 19금 성향은?
──────────────────
선화미님은 은밀한 부위의 피어싱입니다.
https://gaeyou.com/t/?264013

?????
나는 관심없는데..."
429,"당신의 19금 성향은?
──────────────────
윤지향님은 정상인입니다.
https://gaeyou.com/t/?264013
정상인이래~"
430,"당신의 19금 성향은?
──────────────────
믹닙님은 무성욕자입니다.
https://gaeyou.com/t/?264013
나무아미타불"
431,"당신의 19금 성향은?
──────────────────
메로님은 잡곡밥 페티시입니다.
https://gaeyou.com/t/?264013

..........
....?
??"
432,"당신의 19금 성향은?
──────────────────
불타는 궁뎅이 님은 불쾌한 오타쿠변태입니다.
https://gaeyou.com/t/?264013"
433,"당신의 19금 성향은?
──────────────────
秋아키님은 방치플입니다.
https://gaeyou.com/t/?264013
씁...그건 아닌 듯요"
434,"당신의 19금 성향은?
──────────────────
청명님은 잡곡밥 페티시입니다.
https://gaeyou.com/t/?264013

예...?"
435,"당신의 19금 성향은?
──────────────────
저니님은 고자입니다.
https://gaeyou.com/t/?264013
그렇겠죠.. 없으니까"
436,"당신의 19금 성향은?
──────────────────
급솜님은 [검열삭제]입니다.
https://gaeyou.com/t/?264013
제법...."
437,"좋은의미이겠지
 당신의 19금 성향은?
──────────────────
하자미님은 천연기념물입니다.
https://gaeyou.com/t/?264013"
438,"당신의 19금 성향은?
──────────────────
양모노님은 섭입니다.
https://gaeyou.com/t/?264013
흠"
439,"당신의 19금 성향은?
──────────────────
혁재님은 노팬티충입니다.
https://gaeyou.com/t/?264013

아니저기요"
440,"당신의 19금 성향은?
──────────────────
레그님은 지금도 하고있는 변태입니다.
https://gaeyou.com/t/?264013 

개어이업습니다 이게뭔데 뭘하고있는데 레그"
441,"당신의 19금 성향은?
──────────────────
닐러님은 왕가슴 페티시입니다.
https://gaeyou.com/t/?264013

들어보세요 제가 절대 막 좋아하진 않지만"
442,"당신의 19금 성향은?
──────────────────
네프렌님은 걍 변태입니다.
https://gaeyou.com/t/?264013"
443,"당신의 19금 성향은?
──────────────────
슽님은 답이없는 변태입니다.
https://gaeyou.com/t/?264013
ㅅㅂ"
444,"당신의 19금 성향은?
──────────────────
채끌쌀님은 바닐라입니다.
https://gaeyou.com/t/?264013"
445,"당신의 19금 성향은?
──────────────────
요셍님은 결박입니다.
https://gaeyou.com/t/?264013

오우..."
446,"당신의 19금 성향은?
──────────────────
사해님은 재갈입니다.
https://gaeyou.com/t/?264013 

ㅋㅋㅋ... 물려줄사람?"
447,"당신의 19금 성향은?
──────────────────
서희님은 수면플입니다.
https://gaeyou.com/t/?264013

흐으음..? 음..."
448,"당신의 19금 성향은?
──────────────────
끼류님은 치킨입니다.
https://gaeyou.com/t/?264013 

맛잇겟다"
449,"당신의 19금 성향은?
──────────────────
백천님은 손 페티시입니다.
https://gaeyou.com/t/?264013

그럴만도"
450,"당신의 19금 성향은?
──────────────────
강설화님은 답이없는 변태입니다.
https://gaeyou.com/t/?264013

네..? 저 답 없는 변태요?
어캐 아셨어요??"
451,"당신의 19금 성향은?
──────────────────
푼젤님은 감금플입니다.
https://gaeyou.com/t/?264013
고델 유사 엄마한테 못된 것만 배워가지고..."
452,"당신의 19금 성향은?
──────────────────
ㅈ님은 치킨입니다.
https://gaeyou.com/t/?264013

?"
453,"당신의 19금 성향은?
──────────────────
폰히나님은 왕가슴 페티시입니다.
https://gaeyou.com/t/?264013"
454,"당신의 19금 성향은?
──────────────────
원덧호잇님은 2D과몰입변태입니다.
https://gaeyou.com/t/?264013 
와 대박 미쵸따 정확하네 이게"
455,"당신의 19금 성향은?
──────────────────
표우림님은 디그레이더입니다.
https://gaeyou.com/t/?264013

ㅇ.0 오호.."
456,"당신의 19금 성향은?
──────────────────
상한님은 천연기념물입니다.
https://gaeyou.com/t/?264013
음 그치 나처럼 순수한게 어딨어~"
457,"당신의 19금 성향은?
──────────────────
애님은 엉덩이 페티시입니다.
https://gaeyou.com/t/?264013 

말랑말랑 엉덩이 한입하구 싶다"
458,"당신의 19금 성향은?
──────────────────
시먕님은 스팽커입니다.
https://gaeyou.com/t/?264013

헉"
459,"당신의 19금 성향은?
──────────────────
생퀴님은 지금도 하고있는 변태입니다.
https://gaeyou.com/t/?264013
엣"
460,"당신의 19금 성향은?
──────────────────
카나즈미 노에님은 토이 사용입니다.
https://gaeyou.com/t/?264013

토이 사용이 뭔말이지..???"
461,"당신의 19금 성향은?
──────────────────
전시현님은 처맞기입니다.
https://gaeyou.com/t/?264013"
462,"당신의 19금 성향은?
──────────────────
hackey님은 고자입니다.
https://gaeyou.com/t/?264013

??????"
463,"당신의 19금 성향은?
──────────────────
걍죽님은 [검열삭제]입니다.
https://gaeyou.com/t/?264013

물음표"
464,"당신의 19금 성향은?
──────────────────
망냠님은 정상인입니다.
https://gaeyou.com/t/?264013
당연하지 ㅋ"
465,"새우가 통!
상큼하게 빠지다

상큼한 레몬크림소스와
통통새우튀김이만난

새우 EXTREME 레몬크림 출시!

롯데잇츠에서만나보세요!
https://lotteeatz.com/?twclid=2-3abf59hnce5bz9wovuokpqr9x

#새우익스트림레몬크림
#신제품 #새우버거 #롯데잇츠
#lotteira #롯데리아"
466,"당신의 19금 성향은?
──────────────────
라쿵님은 걍 노예입니다.
https://gaeyou.com/t/?264013"
467,"여친이 없는데는 이유가 ㅈㄴ 있구나 (따흐흑)
 당신의 19금 성향은?
──────────────────
마프매님은 고자입니다.
https://gaeyou.com/t/?264013"
468,"당신의 19금 성향은?
──────────────────
아이리스님은 답이없는 변태입니다.
https://gaeyou.com/t/?264013
예?"
469,"당신의 19금 성향은?
──────────────────
아메님은 마조히스트입니다.
https://gaeyou.com/t/?264013

외그러는가"
470,"당신의 19금 성향은?
──────────────────
임소병님은 왕가슴 페티시입니다.
https://gaeyou.com/t/?264013
그래서 검존을 만나면 그렇게"
471,"당신의 19금 성향은?
──────────────────
김명광구님은 [검열삭제]입니다.
https://gaeyou.com/t/?264013

네?"
472,"당신의 19금 성향은?
──────────────────
medicrider님은 천연기념물입니다.
https://gaeyou.com/t/?264013    

...이거 친구들하고 아는 사람들이 이 말 했는데..(+증류수)"
473,"당신의 19금 성향은?
──────────────────
초기설정님은 정상인입니다.
https://gaeyou.com/t/?264013
정상이지~"
474,"당신의 19금 성향은?
──────────────────
ㅇㅇㅇㅇ님은 재갈입니다.
https://gaeyou.com/t/?264013"
475,"당신의 19금 성향은?
──────────────────
카미오카 유리님은 [검열삭제]입니다.
https://gaeyou.com/t/?264013"
476,"당신의 19금 성향은?
──────────────────
애님은 돔입니다.
https://gaeyou.com/t/?264013"
